year,month,donations,source
2005,1,165863,"KOSIS DT_445001_002 (대한적십자사, 성별=계)"
2005,2,151513,"KOSIS DT_445001_002 (대한적십자사, 성별=계)"
2005,3,189109,"KOSIS DT_445001_002 (대한적십자사, 성별=계)"
2005,4,190260,"KOSIS DT_445001_002 (대한적십자사, 성별=계)"
2005,5,206129,"KOSIS DT_445001_002 (대한적십자사, 성별=계)"
2005,6,187169,"KOSIS DT_445001_002 (대한적십자사, 성별=계)"
2005,7,184885,"KOSIS DT_445001_002 (대한적십자사, 성별=계)"
2005,8,197531,"KOSIS DT_445001_002 (대한적십자사, 성별=계)"
2005,9,186179,"KOSIS DT_445001_002 (대한적십자사, 성별=계)"
2005,10,171053,"KOSIS DT_445001_002 (대한적십자사, 성별=계)"
2005,11,199378,"KOSIS DT_445001_002 (대한적십자사, 성별=계)"
2005,12,194567,"KOSIS DT_445001_002 (대한적십자사, 성별=계)"
2006,1,173132,"KOSIS DT_445001_002 (대한적십자사, 성별=계)"
2006,2,184860,"KOSIS DT_445001_002 (대한적십자사, 성별=계)"
2006,3,202401,"KOSIS DT_445001_002 (대한적십자사, 성별=계)"
2006,4,193844,"KOSIS DT_445001_002 (대한적십자사, 성별=계)"
2006,5,212615,"KOSIS DT_445001_002 (대한적십자사, 성별=계)"
2006,6,194799,"KOSIS DT_445001_002 (대한적십자사, 성별=계)"
2006,7,184340,"KOSIS DT_445001_002 (대한적십자사, 성별=계)"
2006,8,191245,"KOSIS DT_445001_002 (대한적십자사, 성별=계)"
2006,9,178004,"KOSIS DT_445001_002 (대한적십자사, 성별=계)"
2006,10,171095,"KOSIS DT_445001_002 (대한적십자사, 성별=계)"
2006,11,181748,"KOSIS DT_445001_002 (대한적십자사, 성별=계)"
2006,12,182520,"KOSIS DT_445001_002 (대한적십자사, 성별=계)"
2007,1,182945,"KOSIS DT_445001_002 (대한적십자사, 성별=계)"
2007,2,166820,"KOSIS DT_445001_002 (대한적십자사, 성별=계)"
2007,3,163145,"KOSIS DT_445001_002 (대한적십자사, 성별=계)"
2007,4,170555,"KOSIS DT_445001_002 (대한적십자사, 성별=계)"
2007,5,193363,"KOSIS DT_445001_002 (대한적십자사, 성별=계)"
2007,6,172754,"KOSIS DT_445001_002 (대한적십자사, 성별=계)"
2007,7,172156,"KOSIS DT_445001_002 (대한적십자사, 성별=계)"
2007,8,158864,"KOSIS DT_445001_002 (대한적십자사, 성별=계)"
2007,9,134096,"KOSIS DT_445001_002 (대한적십자사, 성별=계)"
2007,10,177820,"KOSIS DT_445001_002 (대한적십자사, 성별=계)"
2007,11,172876,"KOSIS DT_445001_002 (대한적십자사, 성별=계)"
2007,12,163290,"KOSIS DT_445001_002 (대한적십자사, 성별=계)"
2008,1,195331,"KOSIS DT_445001_002 (대한적십자사, 성별=계)"
2008,2,149279,"KOSIS DT_445001_002 (대한적십자사, 성별=계)"
2008,3,181270,"KOSIS DT_445001_002 (대한적십자사, 성별=계)"
2008,4,186872,"KOSIS DT_445001_002 (대한적십자사, 성별=계)"
2008,5,197322,"KOSIS DT_445001_002 (대한적십자사, 성별=계)"
2008,6,185340,"KOSIS DT_445001_002 (대한적십자사, 성별=계)"
2008,7,196853,"KOSIS DT_445001_002 (대한적십자사, 성별=계)"
2008,8,188585,"KOSIS DT_445001_002 (대한적십자사, 성별=계)"
2008,9,193013,"KOSIS DT_445001_002 (대한적십자사, 성별=계)"
2008,10,195488,"KOSIS DT_445001_002 (대한적십자사, 성별=계)"
2008,11,197423,"KOSIS DT_445001_002 (대한적십자사, 성별=계)"
2008,12,198816,"KOSIS DT_445001_002 (대한적십자사, 성별=계)"
2009,1,182670,"KOSIS DT_445001_002 (대한적십자사, 성별=계)"
2009,2,184630,"KOSIS DT_445001_002 (대한적십자사, 성별=계)"
2009,3,202757,"KOSIS DT_445001_002 (대한적십자사, 성별=계)"
2009,4,211216,"KOSIS DT_445001_002 (대한적십자사, 성별=계)"
2009,5,232614,"KOSIS DT_445001_002 (대한적십자사, 성별=계)"
2009,6,216066,"KOSIS DT_445001_002 (대한적십자사, 성별=계)"
2009,7,220712,"KOSIS DT_445001_002 (대한적십자사, 성별=계)"
2009,8,209839,"KOSIS DT_445001_002 (대한적십자사, 성별=계)"
2009,9,200633,"KOSIS DT_445001_002 (대한적십자사, 성별=계)"
2009,10,182811,"KOSIS DT_445001_002 (대한적십자사, 성별=계)"
2009,11,219731,"KOSIS DT_445001_002 (대한적십자사, 성별=계)"
2009,12,198201,"KOSIS DT_445001_002 (대한적십자사, 성별=계)"
2010,1,198985,"KOSIS DT_445001_002 (대한적십자사, 성별=계)"
2010,2,176152,"KOSIS DT_445001_002 (대한적십자사, 성별=계)"
2010,3,203786,"KOSIS DT_445001_002 (대한적십자사, 성별=계)"
2010,4,207287,"KOSIS DT_445001_002 (대한적십자사, 성별=계)"
2010,5,227968,"KOSIS DT_445001_002 (대한적십자사, 성별=계)"
2010,6,220303,"KOSIS DT_445001_002 (대한적십자사, 성별=계)"
2010,7,226132,"KOSIS DT_445001_002 (대한적십자사, 성별=계)"
2010,8,217873,"KOSIS DT_445001_002 (대한적십자사, 성별=계)"
2010,9,198668,"KOSIS DT_445001_002 (대한적십자사, 성별=계)"
2010,10,203762,"KOSIS DT_445001_002 (대한적십자사, 성별=계)"
2010,11,219592,"KOSIS DT_445001_002 (대한적십자사, 성별=계)"
2010,12,214191,"KOSIS DT_445001_002 (대한적십자사, 성별=계)"
2011,1,200174,"KOSIS DT_445001_002 (대한적십자사, 성별=계)"
2011,2,174417,"KOSIS DT_445001_002 (대한적십자사, 성별=계)"
2011,3,210051,"KOSIS DT_445001_002 (대한적십자사, 성별=계)"
2011,4,207835,"KOSIS DT_445001_002 (대한적십자사, 성별=계)"
2011,5,233306,"KOSIS DT_445001_002 (대한적십자사, 성별=계)"
2011,6,194873,"KOSIS DT_445001_002 (대한적십자사, 성별=계)"
2011,7,201584,"KOSIS DT_445001_002 (대한적십자사, 성별=계)"
2011,8,203526,"KOSIS DT_445001_002 (대한적십자사, 성별=계)"
2011,9,197882,"KOSIS DT_445001_002 (대한적십자사, 성별=계)"
2011,10,191821,"KOSIS DT_445001_002 (대한적십자사, 성별=계)"
2011,11,222766,"KOSIS DT_445001_002 (대한적십자사, 성별=계)"
2011,12,210281,"KOSIS DT_445001_002 (대한적십자사, 성별=계)"
2012,1,198064,"KOSIS DT_445001_002 (대한적십자사, 성별=계)"
2012,2,213921,"KOSIS DT_445001_002 (대한적십자사, 성별=계)"
2012,3,211661,"KOSIS DT_445001_002 (대한적십자사, 성별=계)"
2012,4,203651,"KOSIS DT_445001_002 (대한적십자사, 성별=계)"
2012,5,242697,"KOSIS DT_445001_002 (대한적십자사, 성별=계)"
2012,6,204063,"KOSIS DT_445001_002 (대한적십자사, 성별=계)"
2012,7,220933,"KOSIS DT_445001_002 (대한적십자사, 성별=계)"
2012,8,203833,"KOSIS DT_445001_002 (대한적십자사, 성별=계)"
2012,9,198655,"KOSIS DT_445001_002 (대한적십자사, 성별=계)"
2012,10,211572,"KOSIS DT_445001_002 (대한적십자사, 성별=계)"
2012,11,230868,"KOSIS DT_445001_002 (대한적십자사, 성별=계)"
2012,12,202577,"KOSIS DT_445001_002 (대한적십자사, 성별=계)"
2013,1,223612,"KOSIS DT_445001_002 (대한적십자사, 성별=계)"
2013,2,180661,"KOSIS DT_445001_002 (대한적십자사, 성별=계)"
2013,3,224651,"KOSIS DT_445001_002 (대한적십자사, 성별=계)"
2013,4,225716,"KOSIS DT_445001_002 (대한적십자사, 성별=계)"
2013,5,238239,"KOSIS DT_445001_002 (대한적십자사, 성별=계)"
2013,6,222628,"KOSIS DT_445001_002 (대한적십자사, 성별=계)"
2013,7,238842,"KOSIS DT_445001_002 (대한적십자사, 성별=계)"
2013,8,239827,"KOSIS DT_445001_002 (대한적십자사, 성별=계)"
2013,9,203084,"KOSIS DT_445001_002 (대한적십자사, 성별=계)"
2013,10,235288,"KOSIS DT_445001_002 (대한적십자사, 성별=계)"
2013,11,246228,"KOSIS DT_445001_002 (대한적십자사, 성별=계)"
2013,12,229397,"KOSIS DT_445001_002 (대한적십자사, 성별=계)"
2014,1,216611,"KOSIS DT_445001_002 (대한적십자사, 성별=계)"
2014,2,205384,"KOSIS DT_445001_002 (대한적십자사, 성별=계)"
2014,3,242209,"KOSIS DT_445001_002 (대한적십자사, 성별=계)"
2014,4,231739,"KOSIS DT_445001_002 (대한적십자사, 성별=계)"
2014,5,267104,"KOSIS DT_445001_002 (대한적십자사, 성별=계)"
2014,6,224263,"KOSIS DT_445001_002 (대한적십자사, 성별=계)"
2014,7,261697,"KOSIS DT_445001_002 (대한적십자사, 성별=계)"
2014,8,242108,"KOSIS DT_445001_002 (대한적십자사, 성별=계)"
2014,9,223733,"KOSIS DT_445001_002 (대한적십자사, 성별=계)"
2014,10,240940,"KOSIS DT_445001_002 (대한적십자사, 성별=계)"
2014,11,247465,"KOSIS DT_445001_002 (대한적십자사, 성별=계)"
2014,12,241285,"KOSIS DT_445001_002 (대한적십자사, 성별=계)"
2015,1,241385,"KOSIS DT_445001_002 (대한적십자사, 성별=계)"
2015,2,197593,"KOSIS DT_445001_002 (대한적십자사, 성별=계)"
2015,3,246694,"KOSIS DT_445001_002 (대한적십자사, 성별=계)"
2015,4,235752,"KOSIS DT_445001_002 (대한적십자사, 성별=계)"
2015,5,257626,"KOSIS DT_445001_002 (대한적십자사, 성별=계)"
2015,6,229270,"KOSIS DT_445001_002 (대한적십자사, 성별=계)"
2015,7,256506,"KOSIS DT_445001_002 (대한적십자사, 성별=계)"
2015,8,240135,"KOSIS DT_445001_002 (대한적십자사, 성별=계)"
2015,9,232675,"KOSIS DT_445001_002 (대한적십자사, 성별=계)"
2015,10,253160,"KOSIS DT_445001_002 (대한적십자사, 성별=계)"
2015,11,246406,"KOSIS DT_445001_002 (대한적십자사, 성별=계)"
2015,12,234954,"KOSIS DT_445001_002 (대한적십자사, 성별=계)"
2016,1,231909,"KOSIS DT_445001_002 (대한적십자사, 성별=계)"
2016,2,188187,"KOSIS DT_445001_002 (대한적십자사, 성별=계)"
2016,3,234834,"KOSIS DT_445001_002 (대한적십자사, 성별=계)"
2016,4,217217,"KOSIS DT_445001_002 (대한적십자사, 성별=계)"
2016,5,230486,"KOSIS DT_445001_002 (대한적십자사, 성별=계)"
2016,6,204236,"KOSIS DT_445001_002 (대한적십자사, 성별=계)"
2016,7,225022,"KOSIS DT_445001_002 (대한적십자사, 성별=계)"
2016,8,210655,"KOSIS DT_445001_002 (대한적십자사, 성별=계)"
2016,9,202890,"KOSIS DT_445001_002 (대한적십자사, 성별=계)"
2016,10,233040,"KOSIS DT_445001_002 (대한적십자사, 성별=계)"
2016,11,230627,"KOSIS DT_445001_002 (대한적십자사, 성별=계)"
2016,12,236078,"KOSIS DT_445001_002 (대한적십자사, 성별=계)"
2017,1,203609,"KOSIS DT_445001_002 (대한적십자사, 성별=계)"
2017,2,204429,"KOSIS DT_445001_002 (대한적십자사, 성별=계)"
2017,3,236278,"KOSIS DT_445001_002 (대한적십자사, 성별=계)"
2017,4,216101,"KOSIS DT_445001_002 (대한적십자사, 성별=계)"
2017,5,257624,"KOSIS DT_445001_002 (대한적십자사, 성별=계)"
2017,6,216420,"KOSIS DT_445001_002 (대한적십자사, 성별=계)"
2017,7,244054,"KOSIS DT_445001_002 (대한적십자사, 성별=계)"
2017,8,229286,"KOSIS DT_445001_002 (대한적십자사, 성별=계)"
2017,9,228882,"KOSIS DT_445001_002 (대한적십자사, 성별=계)"
2017,10,205464,"KOSIS DT_445001_002 (대한적십자사, 성별=계)"
2017,11,235317,"KOSIS DT_445001_002 (대한적십자사, 성별=계)"
2017,12,237355,"KOSIS DT_445001_002 (대한적십자사, 성별=계)"
2018,1,221066,"KOSIS DT_445001_002 (대한적십자사, 성별=계)"
2018,2,193180,"KOSIS DT_445001_002 (대한적십자사, 성별=계)"
2018,3,241362,"KOSIS DT_445001_002 (대한적십자사, 성별=계)"
2018,4,221319,"KOSIS DT_445001_002 (대한적십자사, 성별=계)"
2018,5,246117,"KOSIS DT_445001_002 (대한적십자사, 성별=계)"
2018,6,211546,"KOSIS DT_445001_002 (대한적십자사, 성별=계)"
2018,7,228749,"KOSIS DT_445001_002 (대한적십자사, 성별=계)"
2018,8,215089,"KOSIS DT_445001_002 (대한적십자사, 성별=계)"
2018,9,212804,"KOSIS DT_445001_002 (대한적십자사, 성별=계)"
2018,10,224639,"KOSIS DT_445001_002 (대한적십자사, 성별=계)"
2018,11,248903,"KOSIS DT_445001_002 (대한적십자사, 성별=계)"
2018,12,216837,"KOSIS DT_445001_002 (대한적십자사, 성별=계)"
2019,1,223703,"KOSIS DT_445001_002 (대한적십자사, 성별=계)"
2019,2,184775,"KOSIS DT_445001_002 (대한적십자사, 성별=계)"
2019,3,220402,"KOSIS DT_445001_002 (대한적십자사, 성별=계)"
2019,4,216020,"KOSIS DT_445001_002 (대한적십자사, 성별=계)"
2019,5,239928,"KOSIS DT_445001_002 (대한적십자사, 성별=계)"
2019,6,210563,"KOSIS DT_445001_002 (대한적십자사, 성별=계)"
2019,7,229095,"KOSIS DT_445001_002 (대한적십자사, 성별=계)"
2019,8,218973,"KOSIS DT_445001_002 (대한적십자사, 성별=계)"
2019,9,199670,"KOSIS DT_445001_002 (대한적십자사, 성별=계)"
2019,10,221125,"KOSIS DT_445001_002 (대한적십자사, 성별=계)"
2019,11,228662,"KOSIS DT_445001_002 (대한적십자사, 성별=계)"
2019,12,220985,"KOSIS DT_445001_002 (대한적십자사, 성별=계)"
2020,1,194040,"KOSIS DT_445001_002 (대한적십자사, 성별=계)"
2020,2,185968,"KOSIS DT_445001_002 (대한적십자사, 성별=계)"
2020,3,190012,"KOSIS DT_445001_002 (대한적십자사, 성별=계)"
2020,4,180470,"KOSIS DT_445001_002 (대한적십자사, 성별=계)"
2020,5,216375,"KOSIS DT_445001_002 (대한적십자사, 성별=계)"
2020,6,211916,"KOSIS DT_445001_002 (대한적십자사, 성별=계)"
2020,7,215264,"KOSIS DT_445001_002 (대한적십자사, 성별=계)"
2020,8,209860,"KOSIS DT_445001_002 (대한적십자사, 성별=계)"
2020,9,202770,"KOSIS DT_445001_002 (대한적십자사, 성별=계)"
2020,10,202821,"KOSIS DT_445001_002 (대한적십자사, 성별=계)"
2020,11,208598,"KOSIS DT_445001_002 (대한적십자사, 성별=계)"
2020,12,217116,"KOSIS DT_445001_002 (대한적십자사, 성별=계)"
2021,1,200754,"KOSIS DT_445001_002 (대한적십자사, 성별=계)"
2021,2,177855,"KOSIS DT_445001_002 (대한적십자사, 성별=계)"
2021,3,218080,"KOSIS DT_445001_002 (대한적십자사, 성별=계)"
2021,4,202033,"KOSIS DT_445001_002 (대한적십자사, 성별=계)"
2021,5,214333,"KOSIS DT_445001_002 (대한적십자사, 성별=계)"
2021,6,196943,"KOSIS DT_445001_002 (대한적십자사, 성별=계)"
2021,7,201154,"KOSIS DT_445001_002 (대한적십자사, 성별=계)"
2021,8,199282,"KOSIS DT_445001_002 (대한적십자사, 성별=계)"
2021,9,193734,"KOSIS DT_445001_002 (대한적십자사, 성별=계)"
2021,10,192817,"KOSIS DT_445001_002 (대한적십자사, 성별=계)"
2021,11,210859,"KOSIS DT_445001_002 (대한적십자사, 성별=계)"
2021,12,218935,"KOSIS DT_445001_002 (대한적십자사, 성별=계)"
2022,1,175710,"KOSIS DT_445001_002 (대한적십자사, 성별=계)"
2022,2,167062,"KOSIS DT_445001_002 (대한적십자사, 성별=계)"
2022,3,180237,"KOSIS DT_445001_002 (대한적십자사, 성별=계)"
2022,4,211704,"KOSIS DT_445001_002 (대한적십자사, 성별=계)"
2022,5,230015,"KOSIS DT_445001_002 (대한적십자사, 성별=계)"
2022,6,198520,"KOSIS DT_445001_002 (대한적십자사, 성별=계)"
2022,7,199838,"KOSIS DT_445001_002 (대한적십자사, 성별=계)"
2022,8,200798,"KOSIS DT_445001_002 (대한적십자사, 성별=계)"
2022,9,215164,"KOSIS DT_445001_002 (대한적십자사, 성별=계)"
2022,10,218191,"KOSIS DT_445001_002 (대한적십자사, 성별=계)"
2022,11,223358,"KOSIS DT_445001_002 (대한적십자사, 성별=계)"
2022,12,224406,"KOSIS DT_445001_002 (대한적십자사, 성별=계)"
2023,1,185559,"KOSIS DT_445001_002 (대한적십자사, 성별=계)"
2023,2,192577,"KOSIS DT_445001_002 (대한적십자사, 성별=계)"
2023,3,214106,"KOSIS DT_445001_002 (대한적십자사, 성별=계)"
2023,4,201248,"KOSIS DT_445001_002 (대한적십자사, 성별=계)"
2023,5,220673,"KOSIS DT_445001_002 (대한적십자사, 성별=계)"
2023,6,211462,"KOSIS DT_445001_002 (대한적십자사, 성별=계)"
2023,7,222002,"KOSIS DT_445001_002 (대한적십자사, 성별=계)"
2023,8,220857,"KOSIS DT_445001_002 (대한적십자사, 성별=계)"
2023,9,204219,"KOSIS DT_445001_002 (대한적십자사, 성별=계)"
2023,10,213210,"KOSIS DT_445001_002 (대한적십자사, 성별=계)"
2023,11,225525,"KOSIS DT_445001_002 (대한적십자사, 성별=계)"
2023,12,230008,"KOSIS DT_445001_002 (대한적십자사, 성별=계)"
2024,1,214446,"KOSIS DT_445001_002 (대한적십자사, 성별=계)"
2024,2,201020,"KOSIS DT_445001_002 (대한적십자사, 성별=계)"
2024,3,208723,"KOSIS DT_445001_002 (대한적십자사, 성별=계)"
2024,4,212131,"KOSIS DT_445001_002 (대한적십자사, 성별=계)"
2024,5,230079,"KOSIS DT_445001_002 (대한적십자사, 성별=계)"
2024,6,217424,"KOSIS DT_445001_002 (대한적십자사, 성별=계)"
2024,7,228612,"KOSIS DT_445001_002 (대한적십자사, 성별=계)"
2024,8,219984,"KOSIS DT_445001_002 (대한적십자사, 성별=계)"
2024,9,214035,"KOSIS DT_445001_002 (대한적십자사, 성별=계)"
2024,10,222076,"KOSIS DT_445001_002 (대한적십자사, 성별=계)"
2024,11,237002,"KOSIS DT_445001_002 (대한적십자사, 성별=계)"
2024,12,233630,"KOSIS DT_445001_002 (대한적십자사, 성별=계)"
2025,1,188617,"KOSIS DT_445001_002 (대한적십자사, 성별=계)"
2025,2,201592,"KOSIS DT_445001_002 (대한적십자사, 성별=계)"
2025,3,221273,"KOSIS DT_445001_002 (대한적십자사, 성별=계)"
2025,4,216739,"KOSIS DT_445001_002 (대한적십자사, 성별=계)"
2025,5,236194,"KOSIS DT_445001_002 (대한적십자사, 성별=계)"
2025,6,223791,"KOSIS DT_445001_002 (대한적십자사, 성별=계)"
2025,7,236423,"KOSIS DT_445001_002 (대한적십자사, 성별=계)"
2025,8,225388,"KOSIS DT_445001_002 (대한적십자사, 성별=계)"
2025,9,221828,"KOSIS DT_445001_002 (대한적십자사, 성별=계)"
2025,10,208764,"KOSIS DT_445001_002 (대한적십자사, 성별=계)"
2025,11,224797,"KOSIS DT_445001_002 (대한적십자사, 성별=계)"
2025,12,230140,"KOSIS DT_445001_002 (대한적십자사, 성별=계)"
2026,1,221632,bloodinfo.net 헌혈통계 전년 대비 헌혈자 수 표 (2026-10-07 조회)
2026,2,185117,bloodinfo.net 헌혈통계 전년 대비 헌혈자 수 표 (2026-10-07 조회)
2026,3,219398,bloodinfo.net 헌혈통계 전년 대비 헌혈자 수 표 (2026-10-07 조회)
2026,4,211883,bloodinfo.net 헌혈통계 전년 대비 헌혈자 수 표 (2026-10-07 조회)
2026,5,227791,bloodinfo.net 헌혈통계 전년 대비 헌혈자 수 표 (2026-10-07 조회)
2026,6,214759,bloodinfo.net 헌혈통계 전년 대비 헌혈자 수 표 (2026-10-07 조회)
2026,7,228611,bloodinfo.net 헌혈통계 전년 대비 헌혈자 수 표 (2026-10-07 조회)
2026,8,216377,bloodinfo.net 헌혈통계 전년 대비 헌혈자 수 표 (2026-10-07 조회)
2026,9,210804,bloodinfo.net 헌혈통계 전년 대비 헌혈자 수 표 (2026-10-07 조회)
