date,rbc_units
2007-11-01,12686
2007-11-02,12751
2007-11-03,12341
2007-11-04,11663
2007-11-05,11607
2007-11-06,12018
2007-11-07,12029
2007-11-08,12007
2007-11-09,11444
2007-11-10,12026
2007-11-11,12667
2007-11-12,11977
2007-11-13,12444
2007-11-14,11923
2007-11-15,11747
2007-11-16,11161
2007-11-17,11837
2007-11-18,11110
2007-11-19,11368
2007-11-20,12151
2007-11-21,11737
2007-11-22,11447
2007-11-23,11163
2007-11-24,12583
2007-11-25,12272
2007-11-26,11988
2007-11-27,13620
2007-11-28,13320
2007-11-29,14323
2007-11-30,14066
2007-12-01,14255
2007-12-02,13906
2007-12-03,13527
2007-12-04,13529
2007-12-05,13021
2007-12-06,12788
2007-12-07,11668
2007-12-08,11221
2007-12-09,11548
2007-12-10,11167
2007-12-11,11335
2007-12-12,10566
2007-12-13,11488
2007-12-14,12144
2007-12-15,11991
2007-12-16,11074
2007-12-17,10958
2007-12-18,12691
2007-12-19,13586
2007-12-20,11123
2007-12-21,12777
2007-12-22,13138
2007-12-23,12241
2007-12-24,11226
2007-12-25,13702
2007-12-26,12094
2007-12-27,12984
2007-12-28,12743
2007-12-29,12308
2007-12-30,11303
2007-12-31,10900
2008-01-01,10441
2008-01-02,9024
2008-01-03,9276
2008-01-04,9523
2008-01-05,9855
2008-01-06,9642
2008-01-07,9491
2008-01-08,10485
2008-01-09,10928
2008-01-10,10664
2008-01-11,11243
2008-01-12,10706
2008-01-13,12345
2008-01-14,10644
2008-01-15,13028
2008-01-16,13988
2008-01-17,14480
2008-01-18,15425
2008-01-19,15641
2008-01-20,15679
2008-01-21,16119
2008-01-22,17426
2008-01-23,16710
2008-01-24,17808
2008-01-25,18432
2008-01-26,18605
2008-01-27,21895
2008-01-28,22470
2008-01-29,23630
2008-01-30,23584
2008-01-31,23647
2008-02-01,25118
2008-02-02,24593
2008-02-03,25954
2008-02-04,27325
2008-02-05,26231
2008-02-06,24916
2008-02-07,23984
2008-02-08,23244
2008-02-09,22972
2008-02-10,25626
2008-02-11,26853
2008-02-12,27692
2008-02-13,27665
2008-02-14,27067
2008-02-15,26962
2008-02-16,26685
2008-02-17,27132
2008-02-18,28121
2008-02-19,28483
2008-02-20,28875
2008-02-21,28045
2008-02-22,27111
2008-02-23,26512
2008-02-24,27962
2008-02-25,28109
2008-02-26,27960
2008-02-27,26342
2008-02-28,25746
2008-02-29,25733
2008-03-01,24658
2008-03-02,26987
2008-03-03,27785
2008-03-04,25897
2008-03-05,24373
2008-03-06,23661
2008-03-07,23215
2008-03-08,21958
2008-03-09,23341
2008-03-10,24310
2008-03-11,24277
2008-03-12,22680
2008-03-13,21810
2008-03-14,20740
2008-03-15,19471
2008-03-16,19923
2008-03-17,21178
2008-03-18,21611
2008-03-19,20855
2008-03-20,20797
2008-03-21,21229
2008-03-22,20633
2008-03-23,22431
2008-03-24,23289
2008-03-25,23057
2008-03-26,23254
2008-03-27,23025
2008-03-28,22957
2008-03-29,23703
2008-03-30,23315
2008-03-31,23581
2008-04-01,24742
2008-04-02,25311
2008-04-03,26056
2008-04-04,26268
2008-04-05,26269
2008-04-06,27565
2008-04-07,27980
2008-04-08,27945
2008-04-09,28527
2008-04-10,27858
2008-04-11,28209
2008-04-12,28992
2008-04-13,30551
2008-04-14,31050
2008-04-15,30439
2008-04-16,29936
2008-04-17,28833
2008-04-18,28048
2008-04-19,27780
2008-04-20,28133
2008-04-21,28789
2008-04-22,28168
2008-04-23,27561
2008-04-24,27081
2008-04-25,26418
2008-04-26,27279
2008-04-27,28400
2008-04-28,28998
2008-04-29,28930
2008-04-30,28924
2008-11-01,23340
2008-11-02,23715
2008-11-03,23987
2008-11-04,23007
2008-11-05,22397
2008-11-06,21934
2008-11-07,22157
2008-11-08,21621
2008-11-09,23711
2008-11-10,24112
2008-11-11,22960
2008-11-12,22001
2008-11-13,21874
2008-11-14,21988
2008-11-15,22237
2008-11-16,22138
2008-11-17,22417
2008-11-18,22558
2008-11-19,21642
2008-11-20,23546
2008-11-21,24188
2008-11-22,24787
2008-11-23,25870
2008-11-24,26393
2008-11-25,26829
2008-11-26,26740
2008-11-27,28169
2008-11-28,28001
2008-11-29,29044
2008-11-30,28763
2008-12-01,29648
2008-12-02,29533
2008-12-03,28651
2008-12-04,28303
2008-12-05,26859
2008-12-06,24833
2008-12-07,24255
2008-12-08,25167
2008-12-09,24555
2008-12-10,22247
2008-12-11,20942
2008-12-12,20093
2008-12-13,20030
2008-12-14,20061
2008-12-15,21055
2008-12-16,21784
2008-12-17,21698
2008-12-18,22529
2008-12-19,22719
2008-12-20,23501
2008-12-21,22421
2008-12-22,24022
2008-12-23,24283
2008-12-24,24176
2008-12-25,24634
2008-12-26,24727
2008-12-27,24836
2008-12-29,26911
2008-12-30,25940
2008-12-31,23981
2009-01-01,21821
2009-01-02,21080
2009-01-03,19886
2009-01-04,20297
2009-01-05,22123
2009-01-06,20309
2009-01-07,18854
2009-01-08,17376
2009-01-09,16093
2009-01-10,16030
2009-01-11,17207
2009-01-12,18098
2009-01-13,16259
2009-01-14,14932
2009-01-15,14295
2009-01-16,12889
2009-01-17,12928
2009-01-18,12758
2009-01-19,14720
2009-01-20,14436
2009-01-21,14176
2009-01-22,13975
2009-01-23,14127
2009-01-24,13706
2009-01-25,16317
2009-01-26,14973
2009-01-27,13783
2009-01-28,14784
2009-01-29,15912
2009-01-30,17092
2009-01-31,16158
2009-02-01,17710
2009-02-02,19126
2009-02-03,18001
2009-02-04,16881
2009-02-05,16634
2009-02-06,15826
2009-02-07,14858
2009-02-08,16407
2009-02-09,17040
2009-02-10,17158
2009-02-11,17050
2009-02-12,16228
2009-02-13,16787
2009-02-14,14905
2009-02-15,17411
2009-02-16,18609
2009-02-17,17825
2009-02-18,16957
2009-02-19,17014
2009-02-20,16981
2009-02-21,16602
2009-02-22,19127
2009-02-23,20159
2009-02-24,20158
2009-02-25,20202
2009-02-26,19631
2009-02-27,19229
2009-02-28,18784
2009-03-01,23193
2009-03-02,24568
2009-03-03,23724
2009-03-04,22942
2009-03-05,21626
2009-03-06,20611
2009-03-07,19384
2009-03-08,20412
2009-03-09,22044
2009-03-10,21102
2009-03-11,20294
2009-03-12,19417
2009-03-13,19192
2009-03-14,17398
2009-03-15,19511
2009-03-16,20989
2009-03-17,19871
2009-03-18,19632
2009-03-19,18963
2009-03-20,17147
2009-03-21,16889
2009-03-22,18720
2009-03-23,19684
2009-03-24,19269
2009-03-25,19307
2009-03-26,19641
2009-03-27,19038
2009-03-28,19135
2009-03-29,21391
2009-03-30,22640
2009-03-31,22906
2009-04-01,22481
2009-04-02,22683
2009-04-03,23971
2009-04-04,23797
2009-04-05,24765
2009-04-06,26794
2009-04-07,26443
2009-04-08,25556
2009-04-09,25164
2009-04-10,25454
2009-04-11,24464
2009-04-12,26355
2009-04-13,27561
2009-04-14,27091
2009-04-15,26224
2009-04-16,25488
2009-04-17,24696
2009-04-18,24055
2009-04-19,25533
2009-04-20,26776
2009-04-21,24825
2009-04-22,25003
2009-04-23,24724
2009-04-24,23966
2009-04-25,23462
2009-04-26,25268
2009-04-27,26434
2009-04-28,26110
2009-04-29,25673
2009-04-30,25513
2009-11-01,14273
2009-11-02,15462
2009-11-03,15032
2009-11-04,15062
2009-11-05,14424
2009-11-06,14627
2009-11-07,14698
2009-11-08,16188
2009-11-09,17042
2009-11-10,16794
2009-11-11,16142
2009-11-12,17173
2009-11-13,18412
2009-11-14,19163
2009-11-15,21420
2009-11-16,21925
2009-11-17,23512
2009-11-18,24860
2009-11-19,27267
2009-11-20,29524
2009-11-21,31764
2009-11-22,34079
2009-11-23,34625
2009-11-24,36972
2009-11-25,37808
2009-11-26,38307
2009-11-27,40293
2009-11-28,40907
2009-11-29,42359
2009-11-30,43248
2009-12-01,44427
2009-12-02,43873
2009-12-03,44000
2009-12-04,43364
2009-12-05,42539
2009-12-06,43076
2009-12-07,43444
2009-12-08,42446
2009-12-09,41114
2009-12-10,39373
2009-12-11,38221
2009-12-12,37237
2009-12-13,37932
2009-12-14,38618
2009-12-15,38361
2009-12-16,36701
2009-12-17,35740
2009-12-18,37667
2009-12-19,37124
2009-12-20,37724
2009-12-21,38581
2009-12-22,38864
2009-12-23,40022
2009-12-24,40002
2009-12-25,40117
2009-12-26,39300
2009-12-27,41416
2009-12-28,41560
2009-12-29,41251
2009-12-30,40498
2009-12-31,38591
2010-01-01,34758
2010-01-02,33924
2010-01-03,33851
2010-01-04,34541
2010-01-05,31340
2010-01-06,29764
2010-01-07,28333
2010-01-08,26550
2010-01-09,24134
2010-01-10,25266
2010-01-11,26435
2010-01-12,23917
2010-01-13,21764
2010-01-14,20345
2010-01-15,19329
2010-01-16,17704
2010-01-17,19308
2010-01-18,21414
2010-01-19,21531
2010-01-20,21270
2010-01-21,19696
2010-01-22,19998
2010-01-23,21039
2010-01-24,24548
2010-01-25,26929
2010-01-26,27731
2010-01-27,28321
2010-01-28,27745
2010-01-29,29625
2010-01-30,29867
2010-01-31,32165
2010-02-01,34648
2010-02-02,34780
2010-02-03,34544
2010-02-04,34829
2010-02-05,35467
2010-02-06,35149
2010-02-07,37041
2010-02-08,39643
2010-02-09,40689
2010-02-10,40361
2010-02-11,39790
2010-02-12,39036
2010-02-13,37492
2010-02-14,38658
2010-02-15,37474
2010-02-16,37091
2010-02-17,38208
2010-02-18,37985
2010-02-19,37622
2010-02-20,36382
2010-02-21,38832
2010-02-22,39883
2010-02-23,38268
2010-02-24,36479
2010-02-25,34500
2010-02-26,32702
2010-02-27,30112
2010-02-28,32808
2010-03-01,33948
2010-03-02,33913
2010-03-03,33044
2010-03-04,31849
2010-03-05,30905
2010-03-06,29242
2010-03-07,30920
2010-03-08,31844
2010-03-09,30316
2010-03-10,29020
2010-03-11,27198
2010-03-12,26884
2010-03-13,24815
2010-03-14,27434
2010-03-15,28659
2010-03-16,27395
2010-03-17,25826
2010-03-18,24061
2010-03-19,23522
2010-03-20,22886
2010-03-21,24956
2010-03-22,26555
2010-03-23,25286
2010-03-24,24274
2010-03-25,23628
2010-03-26,23038
2010-03-27,22832
2010-03-28,25632
2010-03-29,26816
2010-03-30,26925
2010-03-31,25678
2010-04-01,25121
2010-04-02,24325
2010-04-03,24194
2010-04-04,25280
2010-04-05,27014
2010-04-06,26614
2010-04-07,25308
2010-04-08,25200
2010-04-09,24123
2010-04-10,23894
2010-04-11,26714
2010-04-12,27257
2010-04-13,26125
2010-04-14,25290
2010-04-15,25248
2010-04-16,25714
2010-04-17,25429
2010-04-18,26954
2010-04-19,27353
2010-04-20,25463
2010-04-21,24296
2010-04-22,22671
2010-04-23,22083
2010-04-24,20737
2010-04-25,23623
2010-04-26,24074
2010-04-27,22703
2010-04-28,22426
2010-04-29,21556
2010-04-30,22095
2010-11-01,41389
2010-11-02,41040
2010-11-03,41612
2010-11-04,41402
2010-11-05,42251
2010-11-06,42139
2010-11-07,44483
2010-11-08,45373
2010-11-09,44551
2010-11-10,44087
2010-11-11,44352
2010-11-12,43919
2010-11-13,42830
2010-11-14,44824
2010-11-15,45815
2010-11-16,43792
2010-11-17,42178
2010-11-18,42070
2010-11-19,41180
2010-11-20,41486
2010-11-21,43468
2010-11-22,44384
2010-11-23,43348
2010-11-24,41383
2010-11-25,41361
2010-11-26,41904
2010-11-27,42478
2010-11-28,42884
2010-11-29,42534
2010-11-30,42657
2010-12-01,42855
2010-12-02,42254
2010-12-03,41507
2010-12-04,40009
2010-12-05,40852
2010-12-06,41471
2010-12-07,39448
2010-12-08,37799
2010-12-09,35905
2010-12-10,33826
2010-12-11,33277
2010-12-12,35359
2010-12-13,36180
2010-12-14,34468
2010-12-15,34448
2010-12-16,34154
2010-12-17,35460
2010-12-18,35441
2010-12-19,37344
2010-12-20,38049
2010-12-21,38234
2010-12-22,37028
2010-12-23,37246
2010-12-24,38172
2010-12-25,38121
2010-12-26,38969
2010-12-27,40411
2010-12-28,39177
2010-12-29,38487
2010-12-30,37979
2010-12-31,37957
2011-01-01,34186
2011-01-02,33266
2011-01-03,34750
2011-01-04,32696
2011-01-05,31161
2011-01-06,29259
2011-01-07,26700
2011-01-08,24987
2011-01-09,26740
2011-01-10,28719
2011-01-11,25683
2011-01-12,23931
2011-01-13,22840
2011-01-14,22113
2011-01-15,20896
2011-01-16,23001
2011-01-17,24841
2011-01-18,23663
2011-01-19,22663
2011-01-20,22318
2011-01-21,21844
2011-01-22,20852
2011-01-23,23977
2011-01-24,26401
2011-01-25,25464
2011-01-26,24744
2011-01-27,24284
2011-01-28,24306
2011-01-29,24545
2011-01-30,27467
2011-01-31,29624
2011-02-01,28979
2011-02-02,26914
2011-02-03,26818
2011-02-04,25522
2011-02-05,25604
2011-02-06,27311
2011-02-07,29074
2011-02-08,28436
2011-02-09,28282
2011-02-10,26928
2011-02-11,26934
2011-02-12,26047
2011-02-13,27419
2011-02-14,29510
2011-02-15,27490
2011-02-16,26767
2011-02-17,25851
2011-02-18,24672
2011-02-19,24020
2011-02-20,24792
2011-02-21,26867
2011-02-22,26003
2011-02-23,24529
2011-02-24,23398
2011-02-25,23348
2011-02-26,22861
2011-02-27,24980
2011-02-28,26621
2011-03-01,24982
2011-03-02,26227
2011-03-03,25008
2011-03-04,22839
2011-03-05,21205
2011-03-06,23260
2011-03-07,24088
2011-03-08,22174
2011-03-09,20762
2011-03-10,19296
2011-03-11,18345
2011-03-12,17887
2011-03-13,20628
2011-03-14,22449
2011-03-15,20896
2011-03-16,19158
2011-03-17,18197
2011-03-18,17352
2011-03-19,17107
2011-03-20,19885
2011-03-21,21235
2011-03-22,20346
2011-03-23,19799
2011-03-24,19500
2011-03-25,19196
2011-03-26,18313
2011-03-27,20466
2011-03-28,22135
2011-03-29,21759
2011-03-30,21572
2011-03-31,22003
2011-04-01,22968
2011-04-02,22670
2011-04-03,24355
2011-04-04,26488
2011-04-05,25656
2011-04-06,24718
2011-04-07,23834
2011-04-08,22647
2011-04-09,22292
2011-04-10,24734
2011-04-11,26095
2011-04-12,24752
2011-04-13,23577
2011-04-14,23816
2011-04-15,23427
2011-04-16,23097
2011-04-17,24832
2011-04-18,26253
2011-04-19,24342
2011-04-20,22763
2011-04-21,21059
2011-04-22,20339
2011-04-23,18695
2011-04-24,21055
2011-04-25,22371
2011-04-26,21465
2011-04-27,20214
2011-04-28,20132
2011-04-29,20442
2011-04-30,20830
2011-11-01,12314
2011-11-02,12131
2011-11-03,11004
2011-11-04,11302
2011-11-05,11574
2011-11-06,13266
2011-11-07,14415
2011-11-08,13575
2011-11-09,13312
2011-11-10,14365
2011-11-11,14675
2011-11-12,15326
2011-11-13,16978
2011-11-14,18236
2011-11-15,19086
2011-11-16,19026
2011-11-17,19949
2011-11-18,20492
2011-11-19,20685
2011-11-20,22988
2011-11-21,24768
2011-11-22,24977
2011-11-23,24818
2011-11-24,24753
2011-11-25,24874
2011-11-26,25561
2011-11-27,26878
2011-11-28,28348
2011-11-29,28378
2011-11-30,27924
2011-12-01,27182
2011-12-02,26782
2011-12-03,25528
2011-12-04,26463
2011-12-05,27530
2011-12-06,25369
2011-12-07,23419
2011-12-08,21634
2011-12-09,19582
2011-12-10,17747
2011-12-11,19535
2011-12-12,20464
2011-12-13,18031
2011-12-14,17815
2011-12-15,17803
2011-12-16,18011
2011-12-17,17453
2011-12-18,19741
2011-12-19,21287
2011-12-20,21135
2011-12-21,21053
2011-12-22,19973
2011-12-23,20988
2011-12-24,21365
2011-12-25,23854
2011-12-26,23812
2011-12-27,23237
2011-12-28,23529
2011-12-29,23243
2011-12-30,21241
2011-12-31,19451
2012-01-01,21279
2012-01-02,20572
2012-01-03,19003
2012-01-04,17535
2012-01-05,15960
2012-01-06,15542
2012-01-07,14449
2012-01-08,16035
2012-01-09,18705
2012-01-10,16127
2012-01-11,15048
2012-01-12,14240
2012-01-13,14068
2012-01-14,13774
2012-01-15,16252
2012-01-16,17547
2012-01-17,16241
2012-01-18,15160
2012-01-19,14309
2012-01-20,14060
2012-01-21,13050
2012-01-22,14248
2012-01-23,12456
2012-01-24,11183
2012-01-25,11524
2012-01-26,12520
2012-01-27,12456
2012-01-28,13328
2012-01-29,15799
2012-01-30,17441
2012-01-31,17818
2012-02-01,19129
2012-02-02,18365
2012-02-03,18629
2012-02-04,18127
2012-02-05,21744
2012-02-06,24733
2012-02-07,23463
2012-02-08,24453
2012-02-09,24524
2012-02-10,25474
2012-02-11,24792
2012-02-12,28042
2012-02-13,30584
2012-02-14,29012
2012-02-15,27922
2012-02-16,27186
2012-02-17,26835
2012-02-18,25933
2012-02-19,29154
2012-02-20,31237
2012-02-21,29292
2012-02-22,28178
2012-02-23,26873
2012-02-24,25876
2012-02-25,24977
2012-02-26,28525
2012-02-27,29858
2012-02-28,28313
2012-02-29,27540
2012-03-01,26589
2012-03-02,27789
2012-03-03,25245
2012-03-04,28195
2012-03-05,29062
2012-03-06,26730
2012-03-07,25075
2012-03-08,23060
2012-03-09,21241
2012-03-10,18817
2012-03-11,20907
2012-03-12,21824
2012-03-13,20294
2012-03-14,19403
2012-03-15,19092
2012-03-16,19321
2012-03-17,18566
2012-03-18,20820
2012-03-19,22377
2012-03-20,20867
2012-03-21,20607
2012-03-22,19292
2012-03-23,17752
2012-03-24,16589
2012-03-25,19182
2012-03-26,20294
2012-03-27,20191
2012-03-28,19622
2012-03-29,19356
2012-03-30,18770
2012-03-31,18371
2012-04-01,21402
2012-04-02,22822
2012-04-03,22028
2012-04-04,21132
2012-04-05,20121
2012-04-06,20451
2012-04-07,19746
2012-04-08,22634
2012-04-09,23810
2012-04-10,22266
2012-04-11,20355
2012-04-12,20392
2012-04-13,19498
2012-04-14,18649
2012-04-15,21239
2012-04-16,21893
2012-04-17,21015
2012-04-18,20537
2012-04-19,19437
2012-04-20,18921
2012-04-21,18901
2012-04-22,21027
2012-04-23,21669
2012-04-24,19868
2012-04-25,18593
2012-04-26,16432
2012-04-27,16106
2012-04-28,16510
2012-04-29,19040
2012-04-30,20239
2012-11-01,17735
2012-11-02,18009
2012-11-03,17671
2012-11-04,21042
2012-11-05,22004
2012-11-06,20680
2012-11-07,20071
2012-11-08,20768
2012-11-09,19467
2012-11-10,20651
2012-11-11,23968
2012-11-12,24911
2012-11-13,24151
2012-11-14,23584
2012-11-15,22663
2012-11-16,23364
2012-11-17,23638
2012-11-18,26640
2012-11-19,27788
2012-11-20,27131
2012-11-21,27066
2012-11-22,28221
2012-11-23,28607
2012-11-24,29613
2012-11-25,32463
2012-11-26,33180
2012-11-27,32990
2012-11-28,33045
2012-11-29,33582
2012-11-30,34066
2012-12-01,36146
2012-12-02,38027
2012-12-03,38468
2012-12-04,36145
2012-12-05,35180
2012-12-06,32891
2012-12-07,29980
2012-12-08,27528
2012-12-09,29037
2012-12-10,29833
2012-12-11,27509
2012-12-12,25702
2012-12-13,24711
2012-12-14,24919
2012-12-15,23686
2012-12-16,26802
2012-12-17,27447
2012-12-18,26730
2012-12-19,26537
2012-12-20,26164
2012-12-21,26851
2012-12-22,26390
2012-12-23,28530
2012-12-24,29743
2012-12-25,29585
2012-12-26,29221
2012-12-27,28131
2012-12-28,28049
2012-12-29,26394
2012-12-30,28376
2012-12-31,29541
2013-01-01,27171
2013-01-02,26178
2013-01-03,25710
2013-01-04,24858
2013-01-05,23541
2013-01-06,25436
2013-01-07,26638
2013-01-08,25023
2013-01-09,24655
2013-01-10,24171
2013-01-11,24400
2013-01-12,23184
2013-01-13,24991
2013-01-14,28361
2013-01-15,26677
2013-01-16,24283
2013-01-17,23259
2013-01-18,23160
2013-01-19,22311
2013-01-20,25352
2013-01-21,26409
2013-01-22,23831
2013-01-23,22985
2013-01-24,22481
2013-01-25,22242
2013-01-26,22316
2013-01-27,25224
2013-01-28,28058
2013-01-29,27940
2013-01-30,28782
2013-01-31,29843
2013-02-01,31294
2013-02-02,30559
2013-02-03,34808
2013-02-04,36810
2013-02-05,35823
2013-02-06,35233
2013-02-07,35594
2013-02-08,35577
2013-02-09,34115
2013-02-10,33918
2013-02-11,32724
2013-02-12,32895
2013-02-13,32960
2013-02-14,32637
2013-02-15,32216
2013-02-16,30975
2013-02-17,31966
2013-02-18,31821
2013-02-19,29654
2013-02-20,28247
2013-02-21,26870
2013-02-22,26433
2013-02-23,24369
2013-02-24,27385
2013-02-25,28483
2013-02-26,26372
2013-02-27,24950
2013-02-28,23611
2013-03-01,21724
2013-03-02,21603
2013-03-03,24365
2013-03-04,25071
2013-03-05,23473
2013-03-06,21201
2013-03-07,20139
2013-03-08,18862
2013-03-09,16790
2013-03-10,19673
2013-03-11,21014
2013-03-12,19589
2013-03-13,17801
2013-03-14,16230
2013-03-15,15643
2013-03-16,15422
2013-03-17,18871
2013-03-18,20851
2013-03-19,20362
2013-03-20,20236
2013-03-21,19705
2013-03-22,19819
2013-03-23,20213
2013-03-24,24011
2013-03-25,25485
2013-03-26,26029
2013-03-27,26090
2013-03-28,26231
2013-03-29,26221
2013-03-30,26578
2013-03-31,30323
2013-04-01,32254
2013-04-02,31740
2013-04-03,31156
2013-04-04,30872
2013-04-05,30975
2013-04-06,31316
2013-04-07,34345
2013-04-08,35498
2013-04-09,35310
2013-04-10,35248
2013-04-11,35068
2013-04-12,34452
2013-04-13,35654
2013-04-14,39329
2013-04-15,39601
2013-04-16,38745
2013-04-17,38830
2013-04-18,37695
2013-04-19,36582
2013-04-20,36591
2013-04-21,38539
2013-04-22,39305
2013-04-23,38610
2013-04-24,36800
2013-04-25,36438
2013-04-26,36272
2013-04-27,36634
2013-04-28,39407
2013-04-29,40284
2013-04-30,40070
2013-11-01,31673
2013-11-02,30210
2013-11-03,32847
2013-11-04,33455
2013-11-05,32391
2013-11-06,31157
2013-11-07,32166
2013-11-08,33054
2013-11-09,34131
2013-11-10,36551
2013-11-11,37652
2013-11-12,36964
2013-11-13,36944
2013-11-14,36925
2013-11-15,35757
2013-11-16,35628
2013-11-17,38852
2013-11-18,40322
2013-11-19,39935
2013-11-20,40035
2013-11-21,40022
2013-11-22,41250
2013-11-23,41800
2013-11-24,44591
2013-11-25,45291
2013-11-26,44992
2013-11-27,44777
2013-11-28,44876
2013-11-29,45428
2013-11-30,44842
2013-12-01,47636
2013-12-02,48319
2013-12-03,46551
2013-12-04,44485
2013-12-05,42095
2013-12-06,41459
2013-12-07,39417
2013-12-08,42294
2013-12-09,42374
2013-12-10,39396
2013-12-11,37022
2013-12-12,34667
2013-12-13,33950
2013-12-14,33492
2013-12-15,36167
2013-12-16,37150
2013-12-17,35791
2013-12-18,35681
2013-12-19,34966
2013-12-20,34207
2013-12-21,34774
2013-12-22,37608
2013-12-23,38734
2013-12-24,38092
2013-12-25,38070
2013-12-26,38426
2013-12-27,37575
2013-12-28,37818
2013-12-29,40537
2013-12-30,42103
2013-12-31,39485
2014-01-01,39463
2014-01-02,37888
2014-01-03,37554
2014-01-04,37117
2014-01-05,39833
2014-01-06,41037
2014-01-07,38640
2014-01-08,37355
2014-01-09,35639
2014-01-10,34283
2014-01-11,32861
2014-01-12,36492
2014-01-13,37586
2014-01-14,35049
2014-01-15,34072
2014-01-16,33029
2014-01-17,31696
2014-01-18,29976
2014-01-19,32960
2014-01-20,35190
2014-01-21,33606
2014-01-22,31889
2014-01-23,31834
2014-01-24,30838
2014-01-25,30209
2014-01-26,33210
2014-01-27,34730
2014-01-28,34101
2014-01-29,33090
2014-01-30,31469
2014-01-31,29704
2014-02-01,28397
2014-02-02,29911
2014-02-03,30684
2014-02-04,29831
2014-02-05,29458
2014-02-06,28721
2014-02-07,28745
2014-02-08,26851
2014-02-09,30418
2014-02-10,32560
2014-02-11,30839
2014-02-12,29180
2014-02-13,27177
2014-02-14,26048
2014-02-15,24569
2014-02-16,27016
2014-02-17,27772
2014-02-18,25432
2014-02-19,23336
2014-02-20,22170
2014-02-21,20827
2014-02-22,19277
2014-02-23,22291
2014-02-24,23710
2014-02-25,21696
2014-02-26,20509
2014-02-27,19838
2014-02-28,19629
2014-03-01,19346
2014-03-02,21549
2014-03-03,22835
2014-03-04,21354
2014-03-05,19745
2014-03-06,18937
2014-03-07,17776
2014-03-08,17439
2014-03-09,21845
2014-03-10,22833
2014-03-11,22737
2014-03-12,21889
2014-03-13,21291
2014-03-14,20764
2014-03-15,19624
2014-03-16,23646
2014-03-17,25194
2014-03-18,24190
2014-03-19,22831
2014-03-20,23035
2014-03-21,22866
2014-03-22,23347
2014-03-23,26472
2014-03-24,28359
2014-03-25,27174
2014-03-26,26660
2014-03-27,26742
2014-03-28,26639
2014-03-29,27083
2014-03-30,30341
2014-03-31,32010
2014-04-01,31082
2014-04-02,30609
2014-04-03,29486
2014-04-04,29254
2014-04-05,29692
2014-04-06,32340
2014-04-07,33387
2014-04-08,32252
2014-04-09,31864
2014-04-10,30255
2014-04-11,29076
2014-04-12,29641
2014-04-13,31776
2014-04-14,32444
2014-04-15,31710
2014-04-16,30060
2014-04-17,27568
2014-04-18,25593
2014-04-19,25580
2014-04-20,27269
2014-04-21,27909
2014-04-22,26095
2014-04-23,24991
2014-04-24,24250
2014-04-25,24451
2014-04-26,24557
2014-04-27,27505
2014-04-28,28590
2014-04-29,26777
2014-04-30,26652
2014-11-01,27572
2014-11-02,29824
2014-11-03,30282
2014-11-04,29642
2014-11-05,28253
2014-11-06,27014
2014-11-07,26083
2014-11-08,27558
2014-11-09,30493
2014-11-10,30875
2014-11-11,29713
2014-11-12,28362
2014-11-13,28623
2014-11-14,28903
2014-11-15,29989
2014-11-16,33091
2014-11-17,33644
2014-11-18,32533
2014-11-19,31930
2014-11-20,32349
2014-11-21,33486
2014-11-22,33855
2014-11-23,35877
2014-11-24,36207
2014-11-25,34873
2014-11-26,34875
2014-11-27,34336
2014-11-28,35480
2014-11-29,35622
2014-11-30,38558
2014-12-01,39478
2014-12-02,38152
2014-12-03,37140
2014-12-04,35302
2014-12-05,33286
2014-12-06,32221
2014-12-07,34701
2014-12-08,35413
2014-12-09,33422
2014-12-10,30286
2014-12-11,28858
2014-12-12,28026
2014-12-13,27331
2014-12-14,29748
2014-12-15,29985
2014-12-16,28774
2014-12-17,28833
2014-12-18,27318
2014-12-19,27474
2014-12-20,28339
2014-12-21,31493
2014-12-22,31838
2014-12-23,31256
2014-12-24,32229
2014-12-25,32181
2014-12-26,31055
2014-12-27,31255
2014-12-28,34725
2014-12-29,35481
2014-12-30,34548
2014-12-31,33641
2015-01-01,31510
2015-01-02,30246
2015-01-03,28858
2015-01-04,31607
2015-01-05,32195
2015-01-06,30528
2015-01-07,28481
2015-01-08,26583
2015-01-09,25400
2015-01-10,24294
2015-01-11,26753
2015-01-12,27066
2015-01-13,25601
2015-01-14,24030
2015-01-15,22744
2015-01-16,22483
2015-01-17,21874
2015-01-18,25397
2015-01-19,26606
2015-01-20,25400
2015-01-21,24735
2015-01-22,23888
2015-01-23,23597
2015-01-24,23188
2015-01-25,27209
2015-01-26,28153
2015-01-27,28206
2015-01-28,28088
2015-01-29,27659
2015-01-30,28106
2015-01-31,27812
2015-02-01,31982
2015-02-02,32949
2015-02-03,32471
2015-02-04,32163
2015-02-05,31894
2015-02-06,31695
2015-02-07,30977
2015-02-08,34324
2015-02-09,36117
2015-02-10,34127
2015-02-11,33378
2015-02-12,32898
2015-02-13,32279
2015-02-14,31386
2015-02-15,33595
2015-02-16,34101
2015-02-17,31818
2015-02-18,29470
2015-02-19,28212
2015-02-20,26711
2015-02-21,26365
2015-02-22,27172
2015-02-23,28474
2015-02-24,26744
2015-02-25,25186
2015-02-26,23649
2015-02-27,23585
2015-02-28,23186
2015-03-01,25802
2015-03-02,26230
2015-03-03,23927
2015-03-04,21876
2015-03-05,20093
2015-03-06,18570
2015-03-07,17329
2015-03-08,20883
2015-03-09,21343
2015-03-10,19345
2015-03-11,17657
2015-03-12,16909
2015-03-13,16237
2015-03-14,16660
2015-03-15,21408
2015-03-16,22553
2015-03-17,21982
2015-03-18,21704
2015-03-19,19927
2015-03-20,18365
2015-03-21,18889
2015-03-22,22388
2015-03-23,23488
2015-03-24,21988
2015-03-25,22155
2015-03-26,22291
2015-03-27,22543
2015-03-28,22385
2015-03-29,26247
2015-03-30,27977
2015-03-31,27832
2015-04-01,27139
2015-04-02,25930
2015-04-03,25568
2015-04-04,25226
2015-04-05,27513
2015-04-06,28843
2015-04-07,26581
2015-04-08,25260
2015-04-09,24191
2015-04-10,23512
2015-04-11,23309
2015-04-12,25595
2015-04-13,25462
2015-04-14,24234
2015-04-15,22059
2015-04-16,20855
2015-04-17,19562
2015-04-18,19058
2015-04-19,21347
2015-04-20,21863
2015-04-21,20216
2015-04-22,18442
2015-04-23,17877
2015-04-24,17782
2015-04-25,17834
2015-04-26,21454
2015-04-27,21505
2015-04-28,20524
2015-04-29,20256
2015-04-30,20230
2015-11-01,25771
2015-11-02,26994
2015-11-03,26381
2015-11-04,25339
2015-11-05,24749
2015-11-06,23801
2015-11-07,22957
2015-11-08,23811
2015-11-09,24034
2015-11-10,23998
2015-11-11,22363
2015-11-12,22364
2015-11-13,22689
2015-11-14,22853
2015-11-15,24031
2015-11-16,24631
2015-11-17,23544
2015-11-18,21618
2015-11-19,20836
2015-11-20,21582
2015-11-21,21799
2015-11-22,23654
2015-11-23,24497
2015-11-24,25123
2015-11-25,24177
2015-11-26,24498
2015-11-27,23975
2015-11-28,24940
2015-11-29,26654
2015-11-30,27575
2015-12-01,27234
2015-12-02,26264
2015-12-03,24278
2015-12-04,21933
2015-12-05,20314
2015-12-06,21898
2015-12-07,22073
2015-12-08,21352
2015-12-09,19664
2015-12-10,18567
2015-12-11,16611
2015-12-12,16800
2015-12-13,17876
2015-12-14,17906
2015-12-15,17029
2015-12-16,16031
2015-12-17,15478
2015-12-18,16214
2015-12-19,16300
2015-12-20,17580
2015-12-21,17802
2015-12-22,18459
2015-12-23,17570
2015-12-24,16716
2015-12-25,16932
2015-12-26,15874
2015-12-27,17789
2015-12-28,18154
2015-12-29,18497
2015-12-30,17860
2015-12-31,16889
2016-01-01,16064
2016-01-02,14304
2016-01-03,15410
2016-01-04,15093
2016-01-05,14255
2016-01-06,12254
2016-01-07,11271
2016-01-08,12243
2016-01-09,12836
2016-01-10,15919
2016-01-11,17631
2016-01-12,17023
2016-01-13,16057
2016-01-14,15904
2016-01-15,15588
2016-01-16,16579
2016-01-17,18164
2016-01-18,19457
2016-01-19,19092
2016-01-20,17744
2016-01-21,18091
2016-01-22,17791
2016-01-23,18401
2016-01-24,19978
2016-01-25,20559
2016-01-26,20714
2016-01-27,19458
2016-01-28,19464
2016-01-29,20028
2016-01-30,20532
2016-01-31,23762
2016-02-01,25333
2016-02-02,25424
2016-02-03,24560
2016-02-04,24873
2016-02-05,24713
2016-02-06,24129
2016-02-07,25615
2016-02-08,24077
2016-02-09,22268
2016-02-10,21634
2016-02-11,21233
2016-02-12,20270
2016-02-13,18356
2016-02-14,18787
2016-02-15,18979
2016-02-16,16519
2016-02-17,14553
2016-02-18,13213
2016-02-19,12287
2016-02-20,12814
2016-02-21,13865
2016-02-22,13903
2016-02-23,14735
2016-02-24,14000
2016-02-25,13944
2016-02-26,13265
2016-02-27,13481
2016-02-28,15300
2016-02-29,14975
2016-03-01,15347
2016-03-02,14478
2016-03-03,13750
2016-03-04,12865
2016-03-05,14336
2016-03-06,16346
2016-03-07,17549
2016-03-08,16482
2016-03-09,14825
2016-03-10,14891
2016-03-11,13692
2016-03-12,14607
2016-03-13,17487
2016-03-14,19636
2016-03-15,17451
2016-03-16,15776
2016-03-17,15037
2016-03-18,14606
2016-03-19,15612
2016-03-20,17931
2016-03-21,18166
2016-03-22,17815
2016-03-23,17312
2016-03-24,17418
2016-03-25,17495
2016-03-26,18025
2016-03-27,19742
2016-03-28,20713
2016-03-29,20373
2016-03-30,19034
2016-03-31,18931
2016-04-01,18872
2016-04-02,18972
2016-04-03,20072
2016-04-04,19505
2016-04-05,18244
2016-04-06,17189
2016-04-07,15921
2016-04-08,15330
2016-04-09,15510
2016-04-10,16373
2016-04-11,17254
2016-04-12,16134
2016-04-13,15540
2016-04-14,13974
2016-04-15,14108
2016-04-16,14663
2016-04-17,14794
2016-04-18,14481
2016-04-19,14029
2016-04-20,12415
2016-04-21,11826
2016-04-22,16042
2016-04-23,19477
2016-04-24,22136
2016-04-25,23254
2016-04-26,21475
2016-04-27,21647
2016-04-28,21566
2016-04-29,22001
2016-04-30,24491
2016-11-01,31508
2016-11-02,31000
2016-11-03,31487
2016-11-04,30730
2016-11-05,31052
2016-11-06,32304
2016-11-07,32345
2016-11-08,31260
2016-11-09,29955
2016-11-10,28966
2016-11-11,27554
2016-11-12,27066
2016-11-13,28728
2016-11-14,28828
2016-11-15,27103
2016-11-16,25958
2016-11-17,26840
2016-11-18,26290
2016-11-19,25914
2016-11-20,26922
2016-11-21,28445
2016-11-22,28279
2016-11-23,26659
2016-11-24,26258
2016-11-25,27244
2016-11-26,28024
2016-11-27,29695
2016-11-28,29368
2016-11-29,30743
2016-11-30,31185
2016-12-01,31729
2016-12-02,31595
2016-12-03,31896
2016-12-04,33740
2016-12-05,33620
2016-12-06,32251
2016-12-07,30381
2016-12-08,28821
2016-12-09,27810
2016-12-10,26733
2016-12-11,27799
2016-12-12,27840
2016-12-13,28125
2016-12-14,26540
2016-12-15,25618
2016-12-16,25708
2016-12-17,26311
2016-12-18,27618
2016-12-19,28228
2016-12-20,27880
2016-12-21,26946
2016-12-22,26425
2016-12-23,25578
2016-12-24,25785
2016-12-25,28062
2016-12-26,27846
2016-12-27,27368
2016-12-28,26288
2016-12-29,26963
2016-12-30,27062
2016-12-31,25673
2017-01-01,26744
2017-01-02,24913
2017-01-03,22703
2017-01-04,20609
2017-01-05,20381
2017-01-06,20750
2017-01-07,21233
2017-01-08,23411
2017-01-09,23759
2017-01-10,22802
2017-01-11,21330
2017-01-12,20907
2017-01-13,19964
2017-01-14,19295
2017-01-15,21798
2017-01-16,21893
2017-01-17,22070
2017-01-18,21874
2017-01-19,21701
2017-01-20,21410
2017-01-21,21484
2017-01-22,23760
2017-01-23,23563
2017-01-24,24441
2017-01-25,24000
2017-01-26,24351
2017-01-27,24861
2017-01-28,22905
2017-01-29,20865
2017-01-30,20057
2017-01-31,20699
2017-02-01,21095
2017-02-02,20955
2017-02-03,20682
2017-02-04,20072
2017-02-05,21706
2017-02-06,21381
2017-02-07,21282
2017-02-08,20210
2017-02-09,19774
2017-02-10,19860
2017-02-11,19714
2017-02-12,21568
2017-02-13,21330
2017-02-14,21760
2017-02-15,21217
2017-02-16,21031
2017-02-17,20256
2017-02-18,20320
2017-02-19,22246
2017-02-20,22098
2017-02-21,22112
2017-02-22,20870
2017-02-23,19722
2017-02-24,20128
2017-02-25,20446
2017-02-26,22913
2017-02-27,22720
2017-02-28,23119
2017-03-01,23368
2017-03-02,23027
2017-03-03,23180
2017-03-04,22587
2017-03-05,24351
2017-03-06,24702
2017-03-07,23843
2017-03-08,22516
2017-03-09,22032
2017-03-10,21152
2017-03-11,21957
2017-03-12,23731
2017-03-13,23772
2017-03-14,24332
2017-03-15,23393
2017-03-16,23256
2017-03-17,23058
2017-03-18,23505
2017-03-19,24944
2017-03-20,25842
2017-03-21,26102
2017-03-22,25209
2017-03-23,24685
2017-03-24,24975
2017-03-25,25975
2017-03-26,28376
2017-03-27,29519
2017-03-28,31253
2017-03-29,30578
2017-03-30,30800
2017-03-31,30044
2017-04-01,31076
2017-04-02,32063
2017-04-03,31735
2017-04-04,30687
2017-04-05,28862
2017-04-06,27629
2017-04-07,25532
2017-04-08,24920
2017-04-09,25560
2017-04-10,25714
2017-04-11,23418
2017-04-12,21763
2017-04-13,20682
2017-04-14,20327
2017-04-15,20703
2017-04-16,21682
2017-04-17,21656
2017-04-18,20936
2017-04-19,18919
2017-04-20,18239
2017-04-21,17374
2017-04-22,18299
2017-04-23,19659
2017-04-24,18994
2017-04-25,19969
2017-04-26,18566
2017-04-27,18584
2017-04-28,19070
2017-04-29,20199
2017-04-30,22030
2017-11-01,21529
2017-11-02,20595
2017-11-03,19666
2017-11-04,20203
2017-11-05,21447
2017-11-06,21239
2017-11-07,20878
2017-11-08,19701
2017-11-09,18429
2017-11-10,17828
2017-11-11,17482
2017-11-12,20124
2017-11-13,19879
2017-11-14,19948
2017-11-15,18887
2017-11-16,19016
2017-11-17,19115
2017-11-18,18797
2017-11-19,20107
2017-11-20,20252
2017-11-21,20350
2017-11-22,19441
2017-11-23,18936
2017-11-24,18576
2017-11-25,20262
2017-11-26,21492
2017-11-27,21917
2017-11-28,23275
2017-11-29,23129
2017-11-30,23265
2017-12-01,23333
2017-12-02,24105
2017-12-03,24811
2017-12-04,24494
2017-12-05,23762
2017-12-06,22586
2017-12-07,21195
2017-12-08,20391
2017-12-09,20261
2017-12-10,21372
2017-12-11,21458
2017-12-12,20965
2017-12-13,19953
2017-12-14,19843
2017-12-15,21422
2017-12-16,21941
2017-12-17,23809
2017-12-18,23564
2017-12-19,24028
2017-12-20,24657
2017-12-21,24042
2017-12-22,24272
2017-12-23,25787
2017-12-24,28637
2017-12-25,28717
2017-12-26,28068
2017-12-27,29117
2017-12-28,29572
2017-12-29,30497
2017-12-30,28471
2017-12-31,30924
2018-01-01,32179
2018-01-02,30166
2018-01-03,29331
2018-01-04,28184
2018-01-05,27419
2018-01-06,25591
2018-01-07,26501
2018-01-08,26200
2018-01-09,24719
2018-01-10,23620
2018-01-11,22194
2018-01-12,20129
2018-01-13,19487
2018-01-14,21254
2018-01-15,22131
2018-01-16,20418
2018-01-17,18986
2018-01-18,18455
2018-01-19,18799
2018-01-20,19154
2018-01-21,20915
2018-01-22,21436
2018-01-23,20624
2018-01-24,20004
2018-01-25,20395
2018-01-26,20222
2018-01-27,19894
2018-01-28,22319
2018-01-29,23580
2018-01-30,23044
2018-01-31,22236
2018-02-01,22642
2018-02-02,21756
2018-02-03,21597
2018-02-04,23430
2018-02-05,23209
2018-02-06,22894
2018-02-07,21746
2018-02-08,22270
2018-02-09,21951
2018-02-10,21474
2018-02-11,22658
2018-02-12,23289
2018-02-13,22827
2018-02-14,21987
2018-02-15,21939
2018-02-16,19445
2018-02-17,17171
2018-02-18,18204
2018-02-19,18684
2018-02-20,19399
2018-02-21,18368
2018-02-22,16765
2018-02-23,17523
2018-02-24,18306
2018-02-25,20904
2018-02-26,22427
2018-02-27,22242
2018-02-28,21333
2018-03-01,20724
2018-03-02,20957
2018-03-03,22081
2018-03-04,24241
2018-03-05,24181
2018-03-06,24127
2018-03-07,22842
2018-03-08,21578
2018-03-09,20627
2018-03-10,21014
2018-03-11,23918
2018-03-12,24461
2018-03-13,24482
2018-03-14,23184
2018-03-15,22503
2018-03-16,21669
2018-03-17,21417
2018-03-18,23052
2018-03-19,23232
2018-03-20,22814
2018-03-21,21899
2018-03-22,20741
2018-03-23,19944
2018-03-24,21421
2018-03-25,24137
2018-03-26,24366
2018-03-27,25492
2018-03-28,24416
2018-03-29,24613
2018-03-30,25274
2018-03-31,26326
2018-04-01,28042
2018-04-02,28753
2018-04-03,28246
2018-04-04,25921
2018-04-05,24618
2018-04-06,23646
2018-04-07,23481
2018-04-08,24114
2018-04-09,23950
2018-04-10,24044
2018-04-11,22340
2018-04-12,21459
2018-04-13,21246
2018-04-14,21193
2018-04-15,22111
2018-04-16,22672
2018-04-17,22343
2018-04-18,20568
2018-04-19,19663
2018-04-20,18552
2018-04-21,18512
2018-04-22,19535
2018-04-23,19206
2018-04-24,18527
2018-04-25,17004
2018-04-26,16837
2018-04-27,18201
2018-04-28,19850
2018-04-29,22895
2018-04-30,24413
2018-11-01,16350
2018-11-02,15709
2018-11-03,17415
2018-11-04,19642
2018-11-05,19620
2018-11-06,20503
2018-11-07,19728
2018-11-08,19931
2018-11-09,19798
2018-11-10,21003
2018-11-11,23313
2018-11-12,23178
2018-11-13,23773
2018-11-14,23417
2018-11-15,24810
2018-11-16,24639
2018-11-17,25494
2018-11-18,26999
2018-11-19,27518
2018-11-20,27938
2018-11-21,27026
2018-11-22,25932
2018-11-23,25810
2018-11-24,26946
2018-11-25,29412
2018-11-26,29440
2018-11-27,29683
2018-11-28,29422
2018-11-29,30231
2018-11-30,31062
2018-12-01,32712
2018-12-02,33973
2018-12-03,34152
2018-12-04,33540
2018-12-05,32775
2018-12-06,31573
2018-12-07,31362
2018-12-08,30693
2018-12-09,32448
2018-12-10,32127
2018-12-11,30575
2018-12-12,29034
2018-12-13,26964
2018-12-14,26253
2018-12-15,25827
2018-12-16,27018
2018-12-17,27340
2018-12-18,26511
2018-12-19,26261
2018-12-20,25094
2018-12-21,25240
2018-12-22,25136
2018-12-23,26897
2018-12-24,27218
2018-12-25,28416
2018-12-26,26921
2018-12-27,26869
2018-12-28,25206
2018-12-29,23337
2018-12-30,25557
2018-12-31,26715
2019-01-01,26300
2019-01-02,24036
2019-01-03,23543
2019-01-04,21873
2019-01-05,20461
2019-01-06,21906
2019-01-07,21678
2019-01-08,20578
2019-01-09,19553
2019-01-10,18489
2019-01-11,18219
2019-01-12,18084
2019-01-13,19503
2019-01-14,19878
2019-01-15,18260
2019-01-16,17423
2019-01-17,17432
2019-01-18,17854
2019-01-19,18216
2019-01-20,20579
2019-01-21,20966
2019-01-22,20707
2019-01-23,20568
2019-01-24,20890
2019-01-25,20688
2019-01-26,21296
2019-01-27,24509
2019-01-28,25287
2019-01-29,26108
2019-01-30,25781
2019-01-31,25929
2019-02-01,25441
2019-02-02,26658
2019-02-03,29382
2019-02-04,29606
2019-02-05,27059
2019-02-06,24773
2019-02-07,24462
2019-02-08,25470
2019-02-09,26687
2019-02-10,29367
2019-02-11,30401
2019-02-12,29420
2019-02-13,27468
2019-02-14,25872
2019-02-15,24978
2019-02-16,23628
2019-02-17,25202
2019-02-18,24990
2019-02-19,23586
2019-02-20,22272
2019-02-21,22004
2019-02-22,21387
2019-02-23,20580
2019-02-24,22416
2019-02-25,22772
2019-02-26,21767
2019-02-27,20835
2019-02-28,20316
2019-03-01,20698
2019-03-02,18554
2019-03-03,21701
2019-03-04,22045
2019-03-05,21051
2019-03-06,19913
2019-03-07,18902
2019-03-08,18273
2019-03-09,18511
2019-03-10,20550
2019-03-11,20941
2019-03-12,19586
2019-03-13,18330
2019-03-14,17375
2019-03-15,16894
2019-03-16,17926
2019-03-17,20280
2019-03-18,21317
2019-03-19,20398
2019-03-20,19133
2019-03-21,18020
2019-03-22,17352
2019-03-23,18799
2019-03-24,20285
2019-03-25,20548
2019-03-26,21436
2019-03-27,20569
2019-03-28,20674
2019-03-29,20618
2019-03-30,21845
2019-03-31,23456
2019-04-01,23455
2019-04-02,23647
2019-04-03,23307
2019-04-04,22667
2019-04-05,21817
2019-04-06,21832
2019-04-07,22027
2019-04-08,21839
2019-04-09,21445
2019-04-10,20137
2019-04-11,18803
2019-04-12,18330
2019-04-13,18755
2019-04-14,18735
2019-04-15,18528
2019-04-16,18066
2019-04-17,17074
2019-04-18,16143
2019-04-19,16018
2019-04-20,16443
2019-04-21,17223
2019-04-22,18454
2019-04-23,18346
2019-04-24,16743
2019-04-25,15910
2019-04-26,16050
2019-04-27,17766
2019-04-28,19517
2019-04-29,19663
2019-04-30,20058
2019-11-01,19992
2019-11-02,19537
2019-11-03,21238
2019-11-04,21377
2019-11-05,21002
2019-11-06,19663
2019-11-07,18545
2019-11-08,18452
2019-11-09,18156
2019-11-10,19996
2019-11-11,20008
2019-11-12,19236
2019-11-13,18140
2019-11-14,18561
2019-11-15,18949
2019-11-16,19152
2019-11-17,21242
2019-11-18,21129
2019-11-19,20697
2019-11-20,20071
2019-11-21,20606
2019-11-22,21802
2019-11-23,22441
2019-11-24,24397
2019-11-25,25173
2019-11-26,25824
2019-11-27,25516
2019-11-28,25684
2019-11-29,25682
2019-11-30,26821
2019-12-01,28679
2019-12-02,28105
2019-12-03,27219
2019-12-04,25783
2019-12-05,25004
2019-12-06,24332
2019-12-07,23700
2019-12-08,24844
2019-12-09,25095
2019-12-10,24223
2019-12-11,23544
2019-12-12,21960
2019-12-13,20886
2019-12-14,22209
2019-12-15,23281
2019-12-16,23818
2019-12-17,23637
2019-12-18,23165
2019-12-19,23178
2019-12-20,22223
2019-12-21,23682
2019-12-22,25243
2019-12-23,26116
2019-12-24,26493
2019-12-25,26349
2019-12-26,24703
2019-12-27,24870
2019-12-28,25337
2019-12-29,27677
2019-12-30,28591
2019-12-31,28984
2020-01-01,27504
2020-01-02,25126
2020-01-03,23603
2020-01-04,22280
2020-01-05,23039
2020-01-06,22903
2020-01-07,21092
2020-01-08,19153
2020-01-09,17793
2020-01-10,16036
2020-01-11,16693
2020-01-12,18171
2020-01-13,18699
2020-01-14,18586
2020-01-15,17665
2020-01-16,18759
2020-01-17,19032
2020-01-18,19424
2020-01-19,21710
2020-01-20,22996
2020-01-21,22983
2020-01-22,22200
2020-01-23,22165
2020-01-24,23463
2020-01-25,20862
2020-01-26,18806
2020-01-27,17089
2020-01-28,17080
2020-01-29,18664
2020-01-30,18743
2020-01-31,18216
2020-02-01,18440
2020-02-02,19589
2020-02-03,19684
2020-02-04,17772
2020-02-05,15954
2020-02-06,15532
2020-02-07,15912
2020-02-08,16321
2020-02-09,18841
2020-02-10,19723
2020-02-11,18983
2020-02-12,18837
2020-02-13,18807
2020-02-14,19879
2020-02-15,21245
2020-02-16,24958
2020-02-17,26643
2020-02-18,25951
2020-02-19,23451
2020-02-20,23318
2020-02-21,23042
2020-02-22,23355
2020-02-23,24483
2020-02-24,24029
2020-02-25,22419
2020-02-26,20624
2020-02-27,20033
2020-02-28,19999
2020-02-29,18747
2020-03-01,19346
2020-03-02,19358
2020-03-03,17700
2020-03-04,16446
2020-03-05,16051
2020-03-06,14994
2020-03-07,16803
2020-03-08,19374
2020-03-09,20143
2020-03-10,20229
2020-03-11,20718
2020-03-12,21420
2020-03-13,19636
2020-03-14,22029
2020-03-15,24351
2020-03-16,24463
2020-03-17,25517
2020-03-18,25704
2020-03-19,26648
2020-03-20,26946
2020-03-21,27694
2020-03-22,29098
2020-03-23,28436
2020-03-24,28414
2020-03-25,27681
2020-03-26,27398
2020-03-27,26848
2020-03-28,26528
2020-03-29,27960
2020-03-30,27997
2020-03-31,27478
2020-04-01,26988
2020-04-02,25632
2020-04-03,24413
2020-04-04,22715
2020-04-05,22497
2020-04-06,22405
2020-04-07,20633
2020-04-08,19098
2020-04-09,17884
2020-04-10,17251
2020-04-11,18200
2020-04-12,19960
2020-04-13,20472
2020-04-14,19743
2020-04-15,18754
2020-04-16,18192
2020-04-17,17402
2020-04-18,17691
2020-04-19,20244
2020-04-20,21531
2020-04-21,21156
2020-04-22,20078
2020-04-23,19695
2020-04-24,18787
2020-04-25,19584
2020-04-26,21457
2020-04-27,21884
2020-04-28,20776
2020-04-29,20069
2020-04-30,20186
2020-11-01,20339
2020-11-02,21236
2020-11-03,20538
2020-11-04,19411
2020-11-05,18776
2020-11-06,18395
2020-11-07,20431
2020-11-08,23850
2020-11-09,25287
2020-11-10,24603
2020-11-11,23717
2020-11-12,22692
2020-11-13,22078
2020-11-14,22163
2020-11-15,23901
2020-11-16,24261
2020-11-17,23271
2020-11-18,21518
2020-11-19,19963
2020-11-20,17981
2020-11-21,18821
2020-11-22,20990
2020-11-23,21353
2020-11-24,21327
2020-11-25,20209
2020-11-26,19115
2020-11-27,18009
2020-11-28,17438
2020-11-29,18988
2020-11-30,19157
2020-12-01,18426
2020-12-02,18046
2020-12-03,17538
2020-12-04,17582
2020-12-05,18203
2020-12-06,20263
2020-12-07,20825
2020-12-08,19160
2020-12-09,17495
2020-12-10,16457
2020-12-11,15080
2020-12-12,16012
2020-12-13,17554
2020-12-14,18106
2020-12-15,16596
2020-12-16,14758
2020-12-17,14238
2020-12-18,14237
2020-12-19,15593
2020-12-20,18420
2020-12-21,18646
2020-12-22,19529
2020-12-23,20316
2020-12-24,21092
2020-12-25,23011
2020-12-26,21590
2020-12-27,24744
2020-12-28,26097
2020-12-29,26610
2020-12-30,25624
2020-12-31,25710
2021-01-01,25424
2021-01-02,23030
2021-01-03,25009
2021-01-04,25145
2021-01-05,24424
2021-01-06,23382
2021-01-07,22516
2021-01-08,20690
2021-01-09,20934
2021-01-10,23216
2021-01-11,24115
2021-01-12,23051
2021-01-13,22230
2021-01-14,21941
2021-01-15,20880
2021-01-16,20701
2021-01-17,22533
2021-01-18,23437
2021-01-19,21346
2021-01-20,19966
2021-01-21,19348
2021-01-22,18006
2021-01-23,17640
2021-01-24,19087
2021-01-25,19584
2021-01-26,19834
2021-01-27,19757
2021-01-28,20628
2021-01-29,20492
2021-01-30,21228
2021-01-31,23230
2021-02-01,23952
2021-02-02,23200
2021-02-03,22912
2021-02-04,22396
2021-02-05,21195
2021-02-06,21799
2021-02-07,24800
2021-02-08,25787
2021-02-09,25443
2021-02-10,24322
2021-02-11,24011
2021-02-12,22010
2021-02-13,20022
2021-02-14,20429
2021-02-15,21819
2021-02-16,21329
2021-02-17,19934
2021-02-18,18416
2021-02-19,17703
2021-02-20,17562
2021-02-21,19564
2021-02-22,19776
2021-02-23,18755
2021-02-24,17990
2021-02-25,17026
2021-02-26,16480
2021-02-27,17301
2021-02-28,19521
2021-03-01,20275
2021-03-02,19256
2021-03-03,17814
2021-03-04,17481
2021-03-05,16585
2021-03-06,16609
2021-03-07,19593
2021-03-08,20281
2021-03-09,18843
2021-03-10,17044
2021-03-11,16383
2021-03-12,15849
2021-03-13,15631
2021-03-14,17822
2021-03-15,18956
2021-03-16,18338
2021-03-17,17554
2021-03-18,17190
2021-03-19,17046
2021-03-20,17059
2021-03-21,19079
2021-03-22,20055
2021-03-23,19747
2021-03-24,18710
2021-03-25,19246
2021-03-26,19468
2021-03-27,19879
2021-03-28,21627
2021-03-29,22150
2021-03-30,21819
2021-03-31,21211
2021-04-01,20958
2021-04-02,20037
2021-04-03,19810
2021-04-04,20768
2021-04-05,21221
2021-04-06,20305
2021-04-07,19101
2021-04-08,18110
2021-04-09,17390
2021-04-10,17795
2021-04-11,19354
2021-04-12,19728
2021-04-13,17927
2021-04-14,17017
2021-04-15,16379
2021-04-16,15378
2021-04-17,16098
2021-04-18,18736
2021-04-19,19687
2021-04-20,17655
2021-04-21,16223
2021-04-22,15077
2021-04-23,14708
2021-04-24,15685
2021-04-25,17404
2021-04-26,18065
2021-04-27,17312
2021-04-28,15913
2021-04-29,15412
2021-04-30,15909
2021-11-01,18866
2021-11-02,18142
2021-11-03,17938
2021-11-04,17454
2021-11-05,17032
2021-11-06,17866
2021-11-07,19059
2021-11-08,20110
2021-11-09,19898
2021-11-10,19405
2021-11-11,19180
2021-11-12,18585
2021-11-13,18851
2021-11-14,20412
2021-11-15,20350
2021-11-16,19358
2021-11-17,18182
2021-11-18,17224
2021-11-19,16536
2021-11-20,18427
2021-11-21,20085
2021-11-22,21217
2021-11-23,21070
2021-11-24,20915
2021-11-25,19848
2021-11-26,20052
2021-11-27,21710
2021-11-28,24432
2021-11-29,25263
2021-11-30,25484
2021-12-01,24278
2021-12-02,24038
2021-12-03,24052
2021-12-04,24059
2021-12-05,25200
2021-12-06,25974
2021-12-07,25609
2021-12-08,24733
2021-12-09,23926
2021-12-10,23572
2021-12-11,24753
2021-12-12,27264
2021-12-13,28164
2021-12-14,28794
2021-12-15,28253
2021-12-16,28786
2021-12-17,28454
2021-12-18,29967
2021-12-19,32381
2021-12-20,34131
2021-12-21,33495
2021-12-22,32945
2021-12-23,32595
2021-12-24,32054
2021-12-25,33411
2021-12-26,33322
2021-12-27,35177
2021-12-28,35635
2021-12-29,35771
2021-12-30,36293
2021-12-31,37388
2022-01-01,37401
2022-01-02,35539
2022-01-03,37272
2022-01-04,35585
2022-01-05,33768
2022-01-06,32072
2022-01-07,30102
2022-01-08,28109
2022-01-09,29578
2022-01-10,30161
2022-01-11,27458
2022-01-12,24859
2022-01-13,22620
2022-01-14,21102
2022-01-15,20144
2022-01-16,20714
2022-01-17,21296
2022-01-18,19976
2022-01-19,18787
2022-01-20,18456
2022-01-21,17967
2022-01-22,18082
2022-01-23,19984
2022-01-24,21003
2022-01-25,20344
2022-01-26,19875
2022-01-27,19965
2022-01-28,20034
2022-01-29,21189
2022-01-30,22023
2022-01-31,22453
2022-02-01,20048
2022-02-02,18095
2022-02-03,18071
2022-02-04,18078
2022-02-05,17724
2022-02-06,18537
2022-02-07,19055
2022-02-08,17369
2022-02-09,16339
2022-02-10,16877
2022-02-11,16671
2022-02-12,17095
2022-02-13,18696
2022-02-14,19650
2022-02-15,18130
2022-02-16,17265
2022-02-17,16265
2022-02-18,15899
2022-02-19,16110
2022-02-20,17731
2022-02-21,18768
2022-02-22,17842
2022-02-23,17261
2022-02-24,17020
2022-02-25,17054
2022-02-26,16965
2022-02-27,18440
2022-02-28,19655
2022-03-01,20270
2022-03-02,21566
2022-03-03,21203
2022-03-04,20373
2022-03-05,20025
2022-03-06,21379
2022-03-07,21961
2022-03-08,20403
2022-03-09,20135
2022-03-10,20735
2022-03-11,19374
2022-03-12,18736
2022-03-13,19457
2022-03-14,19520
2022-03-15,17486
2022-03-16,16368
2022-03-17,16506
2022-03-18,15756
2022-03-19,15942
2022-03-20,16965
2022-03-21,18290
2022-03-22,17375
2022-03-23,16918
2022-03-24,16116
2022-03-25,15431
2022-03-26,15731
2022-03-27,17191
2022-03-28,18366
2022-03-29,17305
2022-03-30,15733
2022-03-31,15506
2022-04-01,15617
2022-04-02,15813
2022-04-03,17945
2022-04-04,18452
2022-04-05,17423
2022-04-06,16829
2022-04-07,15986
2022-04-08,15376
2022-04-09,16079
2022-04-10,17542
2022-04-11,18404
2022-04-12,17041
2022-04-13,16979
2022-04-14,17013
2022-04-15,16880
2022-04-16,17155
2022-04-17,18639
2022-04-18,19661
2022-04-19,20351
2022-04-20,20893
2022-04-21,21543
2022-04-22,21279
2022-04-23,21048
2022-04-24,23880
2022-04-25,24648
2022-04-26,24656
2022-04-27,24813
2022-04-28,24752
2022-04-29,24512
2022-04-30,25581
2022-11-01,28166
2022-11-02,27398
2022-11-03,26761
2022-11-04,26892
2022-11-05,27405
2022-11-06,29083
2022-11-07,29230
2022-11-08,28592
2022-11-09,28303
2022-11-10,27494
2022-11-11,26962
2022-11-12,27554
2022-11-13,29324
2022-11-14,30115
2022-11-15,28874
2022-11-16,28171
2022-11-17,27506
2022-11-18,25618
2022-11-19,26311
2022-11-20,28333
2022-11-21,29002
2022-11-22,28681
2022-11-23,28005
2022-11-24,27908
2022-11-25,27985
2022-11-26,29903
2022-11-27,32428
2022-11-28,33781
2022-11-29,33615
2022-11-30,32443
2022-12-01,32958
2022-12-02,32563
2022-12-03,32632
2022-12-04,34223
2022-12-05,35016
2022-12-06,33283
2022-12-07,31008
2022-12-08,29610
2022-12-09,28526
2022-12-10,28974
2022-12-11,30593
2022-12-12,31468
2022-12-13,30662
2022-12-14,29576
2022-12-15,28263
2022-12-16,27458
2022-12-17,27998
2022-12-18,30177
2022-12-19,30920
2022-12-20,30027
2022-12-21,29681
2022-12-22,28965
2022-12-23,28957
2022-12-24,29607
2022-12-25,32452
2022-12-26,32240
2022-12-27,32473
2022-12-28,33086
2022-12-29,34006
2022-12-30,34585
2022-12-31,35200
2023-01-01,39220
2023-01-02,37170
2023-01-03,35386
2023-01-04,33230
2023-01-05,31881
2023-01-06,29688
2023-01-07,28001
2023-01-08,28894
2023-01-09,29062
2023-01-10,26740
2023-01-11,24616
2023-01-12,23299
2023-01-13,22115
2023-01-14,22045
2023-01-15,23622
2023-01-16,23445
2023-01-17,22530
2023-01-18,22049
2023-01-19,21446
2023-01-20,21790
2023-01-21,22483
2023-01-22,21920
2023-01-23,20219
2023-01-24,19283
2023-01-25,19626
2023-01-26,19287
2023-01-27,19658
2023-01-28,21047
2023-01-29,23931
2023-01-30,25411
2023-01-31,25046
2023-02-01,24331
2023-02-02,23579
2023-02-03,22603
2023-02-04,22441
2023-02-05,23979
2023-02-06,24731
2023-02-07,23635
2023-02-08,22686
2023-02-09,21767
2023-02-10,21288
2023-02-11,21743
2023-02-12,24409
2023-02-13,25425
2023-02-14,23862
2023-02-15,22501
2023-02-16,22158
2023-02-17,21581
2023-02-18,22015
2023-02-19,24666
2023-02-20,25184
2023-02-21,24278
2023-02-22,23003
2023-02-23,22149
2023-02-24,21495
2023-02-25,22009
2023-02-26,23938
2023-02-27,24377
2023-02-28,22886
2023-03-01,22565
2023-03-02,22321
2023-03-03,21362
2023-03-04,21681
2023-03-05,23308
2023-03-06,24097
2023-03-07,22348
2023-03-08,21320
2023-03-09,20902
2023-03-10,19601
2023-03-11,20174
2023-03-12,22250
2023-03-13,22528
2023-03-14,21284
2023-03-15,21003
2023-03-16,20604
2023-03-17,19868
2023-03-18,20762
2023-03-19,23635
2023-03-20,23582
2023-03-21,22893
2023-03-22,22063
2023-03-23,21364
2023-03-24,20412
2023-03-25,21627
2023-03-26,23610
2023-03-27,24582
2023-03-28,23613
2023-03-29,23496
2023-03-30,22934
2023-03-31,22567
2023-04-01,22801
2023-04-02,24132
2023-04-03,24463
2023-04-04,23015
2023-04-05,20766
2023-04-06,19372
2023-04-07,18651
2023-04-08,19701
2023-04-09,20872
2023-04-10,21448
2023-04-11,20328
2023-04-12,18566
2023-04-13,18106
2023-04-14,17954
2023-04-15,18582
2023-04-16,20738
2023-04-17,21156
2023-04-18,19498
2023-04-19,17933
2023-04-20,17443
2023-04-21,18137
2023-04-22,19330
2023-04-23,21683
2023-04-24,22548
2023-04-25,21810
2023-04-26,21100
2023-04-27,20992
2023-04-28,20645
2023-04-29,21596
2023-04-30,23335
2023-11-01,29189
2023-11-02,28103
2023-11-03,27193
2023-11-04,27282
2023-11-05,28890
2023-11-06,29783
2023-11-07,28573
2023-11-08,27716
2023-11-09,26513
2023-11-10,25723
2023-11-11,26555
2023-11-12,28960
2023-11-13,29369
2023-11-14,28687
2023-11-15,27512
2023-11-16,26343
2023-11-17,25250
2023-11-18,26063
2023-11-19,27721
2023-11-20,28273
2023-11-21,27286
2023-11-22,26716
2023-11-23,26752
2023-11-24,26527
2023-11-25,27340
2023-11-26,29275
2023-11-27,30128
2023-11-28,29952
2023-11-29,29316
2023-11-30,29439
2023-12-01,29360
2023-12-02,29938
2023-12-03,31756
2023-12-04,32417
2023-12-05,31555
2023-12-06,30779
2023-12-07,28939
2023-12-08,28089
2023-12-09,28777
2023-12-10,30146
2023-12-11,30845
2023-12-12,29334
2023-12-13,27850
2023-12-14,27457
2023-12-15,27628
2023-12-16,28730
2023-12-17,30897
2023-12-18,31566
2023-12-19,31252
2023-12-20,29253
2023-12-21,29339
2023-12-22,29323
2023-12-23,31141
2023-12-24,33168
2023-12-25,34643
2023-12-26,33036
2023-12-27,33157
2023-12-28,32309
2023-12-29,32398
2023-12-30,31997
2023-12-31,33930
2024-01-01,35526
2024-01-02,32746
2024-01-03,31875
2024-01-04,29839
2024-01-05,28129
2024-01-06,26838
2024-01-07,28193
2024-01-08,28294
2024-01-09,26559
2024-01-10,25190
2024-01-11,23935
2024-01-12,22905
2024-01-13,22747
2024-01-14,24452
2024-01-15,24650
2024-01-16,23623
2024-01-17,23227
2024-01-18,22415
2024-01-19,21712
2024-01-20,22360
2024-01-21,25414
2024-01-22,26193
2024-01-23,24929
2024-01-24,23911
2024-01-25,23471
2024-01-26,23124
2024-01-27,23531
2024-01-28,26510
2024-01-29,27629
2024-01-30,26993
2024-01-31,26294
2024-02-01,25870
2024-02-02,25358
2024-02-03,25162
2024-02-04,28214
2024-02-05,29024
2024-02-06,27909
2024-02-07,27086
2024-02-08,26879
2024-02-09,26977
2024-02-10,25506
2024-02-11,23550
2024-02-12,22745
2024-02-13,22776
2024-02-14,22222
2024-02-15,21414
2024-02-16,20414
2024-02-17,20333
2024-02-18,22925
2024-02-19,24083
2024-02-20,22541
2024-02-21,21612
2024-02-22,21135
2024-02-23,21163
2024-02-24,22227
2024-02-25,25543
2024-02-26,26980
2024-02-27,27889
2024-02-28,27639
2024-02-29,28664
2024-03-01,29567
2024-03-02,30458
2024-03-03,33551
2024-03-04,34183
2024-03-05,33066
2024-03-06,31366
2024-03-07,30589
2024-03-08,29351
2024-03-09,29018
2024-03-10,31011
2024-03-11,31774
2024-03-12,31099
2024-03-13,30134
2024-03-14,30278
2024-03-15,30257
2024-03-16,29829
2024-03-17,31536
2024-03-18,32477
2024-03-19,31220
2024-03-20,30106
2024-03-21,29725
2024-03-22,28725
2024-03-23,29533
2024-03-24,31391
2024-03-25,32372
2024-03-26,30790
2024-03-27,29653
2024-03-28,29146
2024-03-29,28173
2024-03-30,29642
2024-03-31,31785
2024-04-01,32757
2024-04-02,31225
2024-04-03,30313
2024-04-04,29747
2024-04-05,28813
2024-04-06,29193
2024-04-07,30809
2024-04-08,31152
2024-04-09,30228
2024-04-10,29787
2024-04-11,29425
2024-04-12,28602
2024-04-13,28574
2024-04-14,31273
2024-04-15,31598
2024-04-16,30085
2024-04-17,28355
2024-04-18,27923
2024-04-19,27469
2024-04-20,28307
2024-04-21,30125
2024-04-22,31185
2024-04-23,29484
2024-04-24,27866
2024-04-25,28153
2024-04-26,28707
2024-04-27,29737
2024-04-28,32900
2024-04-29,34618
2024-04-30,34330
2024-11-01,24121
2024-11-02,24370
2024-11-03,26644
2024-11-04,27566
2024-11-05,26594
2024-11-06,26101
2024-11-07,26259
2024-11-08,25675
2024-11-09,26193
2024-11-10,28275
2024-11-11,29308
2024-11-12,27540
2024-11-13,26424
2024-11-14,26329
2024-11-15,25938
2024-11-16,26631
2024-11-17,29433
2024-11-18,30344
2024-11-19,29146
2024-11-20,29297
2024-11-21,29204
2024-11-22,29860
2024-11-23,31879
2024-11-24,33980
2024-11-25,35262
2024-11-26,34747
2024-11-27,34458
2024-11-28,33722
2024-11-29,33870
2024-11-30,35168
2024-12-01,38191
2024-12-02,38805
2024-12-03,37902
2024-12-04,36874
2024-12-05,35209
2024-12-06,34171
2024-12-07,35005
2024-12-08,36749
2024-12-09,38030
2024-12-10,36572
2024-12-11,35586
2024-12-12,34916
2024-12-13,34291
2024-12-14,36443
2024-12-15,38714
2024-12-16,39774
2024-12-17,39086
2024-12-18,39238
2024-12-19,38628
2024-12-20,37929
2024-12-21,39726
2024-12-22,41755
2024-12-23,43375
2024-12-24,43656
2024-12-25,44987
2024-12-26,44715
2024-12-27,44775
2024-12-28,45485
2024-12-29,47874
2024-12-30,49104
2024-12-31,48579
2025-01-01,47799
2025-01-02,45999
2025-01-03,44498
2025-01-04,43758
2025-01-05,44582
2025-01-06,44929
2025-01-07,42174
2025-01-08,39962
2025-01-09,37978
2025-01-10,34934
2025-01-11,34125
2025-01-12,36050
2025-01-13,36824
2025-01-14,34897
2025-01-15,32796
2025-01-16,30613
2025-01-17,28747
2025-01-18,27634
2025-01-19,29241
2025-01-20,29868
2025-01-21,27173
2025-01-22,25814
2025-01-23,24427
2025-01-24,24708
2025-01-25,25762
2025-01-26,28139
2025-01-27,29231
2025-01-28,28065
2025-01-29,26251
2025-01-30,24300
2025-01-31,24110
2025-02-01,26283
2025-02-02,28350
2025-02-03,29281
2025-02-04,28225
2025-02-05,26092
2025-02-06,23683
2025-02-07,21782
2025-02-08,20581
2025-02-09,22757
2025-02-10,24177
2025-02-11,23156
2025-02-12,22174
2025-02-13,20870
2025-02-14,21368
2025-02-15,21429
2025-02-16,24697
2025-02-17,25573
2025-02-18,24098
2025-02-19,23281
2025-02-20,22171
2025-02-21,22075
2025-02-22,22985
2025-02-23,26278
2025-02-24,27822
2025-02-25,26904
2025-02-26,25828
2025-02-27,24995
2025-02-28,24774
2025-03-01,25352
2025-03-02,26857
2025-03-03,28084
2025-03-04,28666
2025-03-05,27839
2025-03-06,27575
2025-03-07,25541
2025-03-08,24046
2025-03-09,26781
2025-03-10,28557
2025-03-11,26721
2025-03-12,26287
2025-03-13,25516
2025-03-14,25249
2025-03-15,25891
2025-03-16,28934
2025-03-17,30144
2025-03-18,28722
2025-03-19,27533
2025-03-20,27176
2025-03-21,26578
2025-03-22,27180
2025-03-23,29890
2025-03-24,31056
2025-03-25,29408
2025-03-26,27786
2025-03-27,25954
2025-03-28,25740
2025-03-29,26854
2025-03-30,29398
2025-03-31,30710
2025-04-01,29235
2025-04-02,28075
2025-04-03,26449
2025-04-04,25861
2025-04-05,25136
2025-04-06,26410
2025-04-07,27393
2025-04-08,25371
2025-04-09,23795
2025-04-10,22139
2025-04-11,21417
2025-04-12,21663
2025-04-13,24006
2025-04-14,25145
2025-04-15,23345
2025-04-16,21576
2025-04-17,20179
2025-04-18,19207
2025-04-19,19073
2025-04-20,20819
2025-04-21,22358
2025-04-22,22395
2025-04-23,20863
2025-04-24,20860
2025-04-25,21338
2025-04-26,22689
2025-04-27,25435
2025-04-28,26939
2025-04-29,25944
2025-04-30,25072
2025-11-01,22961
2025-11-02,24433
2025-11-03,25419
2025-11-04,24014
2025-11-05,22949
2025-11-06,21560
2025-11-07,21050
2025-11-08,20760
2025-11-09,22416
2025-11-10,22828
2025-11-11,20113
2025-11-12,19009
2025-11-13,18119
2025-11-14,18411
2025-11-15,19796
2025-11-16,21910
2025-11-17,22943
2025-11-18,21432
2025-11-19,20376
2025-11-20,19233
2025-11-21,18886
2025-11-22,20408
2025-11-23,22834
2025-11-24,24070
2025-11-25,23057
2025-11-26,22019
2025-11-27,21900
2025-11-28,21985
2025-11-29,22971
2025-11-30,24793
2025-12-01,25817
2025-12-02,24058
2025-12-03,22833
2025-12-04,21042
2025-12-05,19722
2025-12-06,19709
2025-12-07,21106
2025-12-08,21892
2025-12-09,20013
2025-12-10,18811
2025-12-11,17962
2025-12-12,17785
2025-12-13,19341
2025-12-14,21479
2025-12-15,22590
2025-12-16,20992
2025-12-17,19626
2025-12-18,18708
2025-12-19,17922
2025-12-20,18909
2025-12-21,20378
2025-12-22,21404
2025-12-23,20809
2025-12-24,19973
2025-12-25,20517
2025-12-26,19286
2025-12-27,20217
2025-12-28,22655
2025-12-29,24030
2025-12-30,23134
2025-12-31,23674
2026-01-01,23307
2026-01-02,21128
2026-01-03,21432
2026-01-04,22882
2026-01-05,23246
2026-01-06,21087
2026-01-07,19594
2026-01-08,17589
2026-01-09,16134
2026-01-10,15608
2026-01-11,17133
2026-01-12,17252
2026-01-13,15566
2026-01-14,15368
2026-01-15,15476
2026-01-16,15655
2026-01-17,17015
2026-01-18,20246
2026-01-19,21965
2026-01-20,21260
2026-01-21,20867
2026-01-22,20962
2026-01-23,21142
2026-01-24,23996
2026-01-25,25972
2026-01-26,26517
2026-01-27,25146
2026-01-28,25104
2026-01-29,25006
2026-01-30,26072
2026-01-31,25817
2026-02-01,27597
2026-02-02,27825
2026-02-03,26142
2026-02-04,25338
2026-02-05,24561
2026-02-06,24371
2026-02-07,23460
2026-02-08,25729
2026-02-09,26065
2026-02-10,24172
2026-02-11,23346
2026-02-12,22418
2026-02-13,22497
2026-02-14,23751
2026-02-15,26105
2026-02-16,26695
2026-02-17,24175
2026-02-18,22167
2026-02-19,21470
2026-02-20,21592
2026-02-21,22236
2026-02-22,23784
2026-02-23,25017
2026-02-24,23492
2026-02-25,21736
2026-02-26,20930
2026-02-27,20075
2026-02-28,20580
2026-03-01,23058
2026-03-02,23848
2026-03-03,23175
2026-03-04,21891
2026-03-05,20859
2026-03-06,20184
2026-03-07,20230
2026-03-08,22871
2026-03-09,23777
2026-03-10,21746
2026-03-11,19708
2026-03-12,18376
2026-03-13,17498
2026-03-14,19193
2026-03-15,21855
2026-03-16,22950
2026-03-17,21112
2026-03-18,19734
2026-03-19,19080
2026-03-20,18976
2026-03-21,19989
2026-03-22,22100
2026-03-23,23154
2026-03-24,21150
2026-03-25,19737
2026-03-26,19354
2026-03-27,19768
2026-03-28,20610
2026-03-29,23072
2026-03-30,24145
2026-03-31,22723
2026-04-01,22068
2026-04-02,20771
2026-04-03,20050
2026-04-04,20028
2026-04-05,21600
2026-04-06,22318
2026-04-07,19485
2026-04-08,18192
2026-04-09,16971
2026-04-10,15479
2026-04-11,15991
2026-04-12,18592
2026-04-13,19094
2026-04-14,18070
2026-04-15,16182
2026-04-16,14745
2026-04-17,14749
2026-04-18,15886
2026-04-19,17635
2026-04-20,18108
2026-04-21,16150
2026-04-22,15254
2026-04-23,14899
2026-04-24,15203
2026-04-25,15996
2026-04-26,16713
2026-04-27,17363
2026-04-28,16582
2026-04-29,16699
2026-04-30,17576
